Codigo,Campo,Valor,Fuente,FuenteURL
35000033,FuenteZonaInspeccion,Directorio operativo de centros educativos,Directorio operativo de centros educativos,https://www.gobiernodecanarias.org/educacion/centroseducativos/buscador-centros-openlayers/resultados/detalle?codigo=35000033
35000033,ZonaInspeccionCodigo,301,Directorio operativo de centros educativos,https://www.gobiernodecanarias.org/educacion/centroseducativos/buscador-centros-openlayers/resultados/detalle?codigo=35000033
35000033,ZonaInspeccionNombre,LP0 - Provincia Las Palmas,Directorio operativo de centros educativos,https://www.gobiernodecanarias.org/educacion/centroseducativos/buscador-centros-openlayers/resultados/detalle?codigo=35000033
35000161,FuenteZonaInspeccion,Directorio operativo de centros educativos,Directorio operativo de centros educativos,https://www.gobiernodecanarias.org/educacion/centroseducativos/buscador-centros-openlayers/resultados/detalle?codigo=35000161
35000161,ZonaInspeccionCodigo,326,Directorio operativo de centros educativos,https://www.gobiernodecanarias.org/educacion/centroseducativos/buscador-centros-openlayers/resultados/detalle?codigo=35000161
35000161,ZonaInspeccionNombre,LP0 - Provincia Las Palmas,Directorio operativo de centros educativos,https://www.gobiernodecanarias.org/educacion/centroseducativos/buscador-centros-openlayers/resultados/detalle?codigo=35000161
35000173,FuenteZonaInspeccion,Directorio operativo de centros educativos,Directorio operativo de centros educativos,https://www.gobiernodecanarias.org/educacion/centroseducativos/buscador-centros-openlayers/resultados/detalle?codigo=35000173
35000173,ZonaInspeccionCodigo,105,Directorio operativo de centros educativos,https://www.gobiernodecanarias.org/educacion/centroseducativos/buscador-centros-openlayers/resultados/detalle?codigo=35000173
35000173,ZonaInspeccionNombre,LP0 - Provincia Las Palmas,Directorio operativo de centros educativos,https://www.gobiernodecanarias.org/educacion/centroseducativos/buscador-centros-openlayers/resultados/detalle?codigo=35000173
35000185,FuenteZonaInspeccion,Directorio operativo de centros educativos,Directorio operativo de centros educativos,https://www.gobiernodecanarias.org/educacion/centroseducativos/buscador-centros-openlayers/resultados/detalle?codigo=35000185
35000185,ZonaInspeccionCodigo,105,Directorio operativo de centros educativos,https://www.gobiernodecanarias.org/educacion/centroseducativos/buscador-centros-openlayers/resultados/detalle?codigo=35000185
35000185,ZonaInspeccionNombre,LP0 - Provincia Las Palmas,Directorio operativo de centros educativos,https://www.gobiernodecanarias.org/educacion/centroseducativos/buscador-centros-openlayers/resultados/detalle?codigo=35000185
35000781,Telefono,928-375152,Directorio operativo de centros educativos,https://www.gobiernodecanarias.org/educacion/centroseducativos/buscador-centros-openlayers/resultados/detalle?codigo=35000781
35001062,FuenteZonaInspeccion,Directorio operativo de centros educativos,Directorio operativo de centros educativos,https://www.gobiernodecanarias.org/educacion/centroseducativos/buscador-centros-openlayers/resultados/detalle?codigo=35001062
35001062,ZonaInspeccionCodigo,313,Directorio operativo de centros educativos,https://www.gobiernodecanarias.org/educacion/centroseducativos/buscador-centros-openlayers/resultados/detalle?codigo=35001062
35001062,ZonaInspeccionNombre,LP0 - Provincia Las Palmas,Directorio operativo de centros educativos,https://www.gobiernodecanarias.org/educacion/centroseducativos/buscador-centros-openlayers/resultados/detalle?codigo=35001062
35001074,FuenteZonaInspeccion,Directorio operativo de centros educativos,Directorio operativo de centros educativos,https://www.gobiernodecanarias.org/educacion/centroseducativos/buscador-centros-openlayers/resultados/detalle?codigo=35001074
35001074,ZonaInspeccionCodigo,311,Directorio operativo de centros educativos,https://www.gobiernodecanarias.org/educacion/centroseducativos/buscador-centros-openlayers/resultados/detalle?codigo=35001074
35001074,ZonaInspeccionNombre,LP0 - Provincia Las Palmas,Directorio operativo de centros educativos,https://www.gobiernodecanarias.org/educacion/centroseducativos/buscador-centros-openlayers/resultados/detalle?codigo=35001074
35001281,FuenteZonaInspeccion,Directorio operativo de centros educativos,Directorio operativo de centros educativos,https://www.gobiernodecanarias.org/educacion/centroseducativos/buscador-centros-openlayers/resultados/detalle?codigo=35001281
35001281,ZonaInspeccionCodigo,306,Directorio operativo de centros educativos,https://www.gobiernodecanarias.org/educacion/centroseducativos/buscador-centros-openlayers/resultados/detalle?codigo=35001281
35001281,ZonaInspeccionNombre,LP0 - Provincia Las Palmas,Directorio operativo de centros educativos,https://www.gobiernodecanarias.org/educacion/centroseducativos/buscador-centros-openlayers/resultados/detalle?codigo=35001281
35001311,FuenteZonaInspeccion,Directorio operativo de centros educativos,Directorio operativo de centros educativos,https://www.gobiernodecanarias.org/educacion/centroseducativos/buscador-centros-openlayers/resultados/detalle?codigo=35001311
35001311,ZonaInspeccionCodigo,312,Directorio operativo de centros educativos,https://www.gobiernodecanarias.org/educacion/centroseducativos/buscador-centros-openlayers/resultados/detalle?codigo=35001311
35001311,ZonaInspeccionNombre,LP0 - Provincia Las Palmas,Directorio operativo de centros educativos,https://www.gobiernodecanarias.org/educacion/centroseducativos/buscador-centros-openlayers/resultados/detalle?codigo=35001311
35001323,FuenteZonaInspeccion,Directorio operativo de centros educativos,Directorio operativo de centros educativos,https://www.gobiernodecanarias.org/educacion/centroseducativos/buscador-centros-openlayers/resultados/detalle?codigo=35001323
35001323,ZonaInspeccionCodigo,305,Directorio operativo de centros educativos,https://www.gobiernodecanarias.org/educacion/centroseducativos/buscador-centros-openlayers/resultados/detalle?codigo=35001323
35001323,ZonaInspeccionNombre,LP0 - Provincia Las Palmas,Directorio operativo de centros educativos,https://www.gobiernodecanarias.org/educacion/centroseducativos/buscador-centros-openlayers/resultados/detalle?codigo=35001323
35001347,FuenteZonaInspeccion,Directorio operativo de centros educativos,Directorio operativo de centros educativos,https://www.gobiernodecanarias.org/educacion/centroseducativos/buscador-centros-openlayers/resultados/detalle?codigo=35001347
35001347,ZonaInspeccionCodigo,312,Directorio operativo de centros educativos,https://www.gobiernodecanarias.org/educacion/centroseducativos/buscador-centros-openlayers/resultados/detalle?codigo=35001347
35001347,ZonaInspeccionNombre,LP0 - Provincia Las Palmas,Directorio operativo de centros educativos,https://www.gobiernodecanarias.org/educacion/centroseducativos/buscador-centros-openlayers/resultados/detalle?codigo=35001347
35001372,FuenteZonaInspeccion,Directorio operativo de centros educativos,Directorio operativo de centros educativos,https://www.gobiernodecanarias.org/educacion/centroseducativos/buscador-centros-openlayers/resultados/detalle?codigo=35001372
35001372,ZonaInspeccionCodigo,312,Directorio operativo de centros educativos,https://www.gobiernodecanarias.org/educacion/centroseducativos/buscador-centros-openlayers/resultados/detalle?codigo=35001372
35001372,ZonaInspeccionNombre,LP0 - Provincia Las Palmas,Directorio operativo de centros educativos,https://www.gobiernodecanarias.org/educacion/centroseducativos/buscador-centros-openlayers/resultados/detalle?codigo=35001372
35001475,Direccion,"C/ ÁLAMO, 34",Directorio operativo de centros educativos,https://www.gobiernodecanarias.org/educacion/centroseducativos/buscador-centros-openlayers/resultados/detalle?codigo=35001475
35001748,FuenteZonaInspeccion,Directorio operativo de centros educativos,Directorio operativo de centros educativos,https://www.gobiernodecanarias.org/educacion/centroseducativos/buscador-centros-openlayers/resultados/detalle?codigo=35001748
35001748,ZonaInspeccionCodigo,306,Directorio operativo de centros educativos,https://www.gobiernodecanarias.org/educacion/centroseducativos/buscador-centros-openlayers/resultados/detalle?codigo=35001748
35001748,ZonaInspeccionNombre,LP0 - Provincia Las Palmas,Directorio operativo de centros educativos,https://www.gobiernodecanarias.org/educacion/centroseducativos/buscador-centros-openlayers/resultados/detalle?codigo=35001748
35001803,FuenteZonaInspeccion,Directorio operativo de centros educativos,Directorio operativo de centros educativos,https://www.gobiernodecanarias.org/educacion/centroseducativos/buscador-centros-openlayers/resultados/detalle?codigo=35001803
35001803,ZonaInspeccionCodigo,300,Directorio operativo de centros educativos,https://www.gobiernodecanarias.org/educacion/centroseducativos/buscador-centros-openlayers/resultados/detalle?codigo=35001803
35001803,ZonaInspeccionNombre,LP0 - Provincia Las Palmas,Directorio operativo de centros educativos,https://www.gobiernodecanarias.org/educacion/centroseducativos/buscador-centros-openlayers/resultados/detalle?codigo=35001803
35001864,FuenteZonaInspeccion,Directorio operativo de centros educativos,Directorio operativo de centros educativos,https://www.gobiernodecanarias.org/educacion/centroseducativos/buscador-centros-openlayers/resultados/detalle?codigo=35001864
35001864,ZonaInspeccionCodigo,309,Directorio operativo de centros educativos,https://www.gobiernodecanarias.org/educacion/centroseducativos/buscador-centros-openlayers/resultados/detalle?codigo=35001864
35001864,ZonaInspeccionNombre,LP0 - Provincia Las Palmas,Directorio operativo de centros educativos,https://www.gobiernodecanarias.org/educacion/centroseducativos/buscador-centros-openlayers/resultados/detalle?codigo=35001864
35002960,FuenteZonaInspeccion,Directorio operativo de centros educativos,Directorio operativo de centros educativos,https://www.gobiernodecanarias.org/educacion/centroseducativos/buscador-centros-openlayers/resultados/detalle?codigo=35002960
35002960,ZonaInspeccionCodigo,306,Directorio operativo de centros educativos,https://www.gobiernodecanarias.org/educacion/centroseducativos/buscador-centros-openlayers/resultados/detalle?codigo=35002960
35002960,ZonaInspeccionNombre,LP0 - Provincia Las Palmas,Directorio operativo de centros educativos,https://www.gobiernodecanarias.org/educacion/centroseducativos/buscador-centros-openlayers/resultados/detalle?codigo=35002960
35002984,FuenteZonaInspeccion,Directorio operativo de centros educativos,Directorio operativo de centros educativos,https://www.gobiernodecanarias.org/educacion/centroseducativos/buscador-centros-openlayers/resultados/detalle?codigo=35002984
35002984,ZonaInspeccionCodigo,309,Directorio operativo de centros educativos,https://www.gobiernodecanarias.org/educacion/centroseducativos/buscador-centros-openlayers/resultados/detalle?codigo=35002984
35002984,ZonaInspeccionNombre,LP0 - Provincia Las Palmas,Directorio operativo de centros educativos,https://www.gobiernodecanarias.org/educacion/centroseducativos/buscador-centros-openlayers/resultados/detalle?codigo=35002984
35003010,Telefono,928-250761 y 616-977471,Directorio operativo de centros educativos,https://www.gobiernodecanarias.org/educacion/centroseducativos/buscador-centros-openlayers/resultados/detalle?codigo=35003010
35003034,FuenteZonaInspeccion,Directorio operativo de centros educativos,Directorio operativo de centros educativos,https://www.gobiernodecanarias.org/educacion/centroseducativos/buscador-centros-openlayers/resultados/detalle?codigo=35003034
35003034,ZonaInspeccionCodigo,306,Directorio operativo de centros educativos,https://www.gobiernodecanarias.org/educacion/centroseducativos/buscador-centros-openlayers/resultados/detalle?codigo=35003034
35003034,ZonaInspeccionNombre,LP0 - Provincia Las Palmas,Directorio operativo de centros educativos,https://www.gobiernodecanarias.org/educacion/centroseducativos/buscador-centros-openlayers/resultados/detalle?codigo=35003034
35003757,Telefono,928-117075 y 618-130477,Directorio operativo de centros educativos,https://www.gobiernodecanarias.org/educacion/centroseducativos/buscador-centros-openlayers/resultados/detalle?codigo=35003757
35003952,Telefono,928-303524,Directorio operativo de centros educativos,https://www.gobiernodecanarias.org/educacion/centroseducativos/buscador-centros-openlayers/resultados/detalle?codigo=35003952
35004038,Telefono,928-375056,Directorio operativo de centros educativos,https://www.gobiernodecanarias.org/educacion/centroseducativos/buscador-centros-openlayers/resultados/detalle?codigo=35004038
35004063,FuenteZonaInspeccion,Directorio operativo de centros educativos,Directorio operativo de centros educativos,https://www.gobiernodecanarias.org/educacion/centroseducativos/buscador-centros-openlayers/resultados/detalle?codigo=35004063
35004063,ZonaInspeccionCodigo,302,Directorio operativo de centros educativos,https://www.gobiernodecanarias.org/educacion/centroseducativos/buscador-centros-openlayers/resultados/detalle?codigo=35004063
35004063,ZonaInspeccionNombre,LP0 - Provincia Las Palmas,Directorio operativo de centros educativos,https://www.gobiernodecanarias.org/educacion/centroseducativos/buscador-centros-openlayers/resultados/detalle?codigo=35004063
35004099,FuenteZonaInspeccion,Directorio operativo de centros educativos,Directorio operativo de centros educativos,https://www.gobiernodecanarias.org/educacion/centroseducativos/buscador-centros-openlayers/resultados/detalle?codigo=35004099
35004099,ZonaInspeccionCodigo,302,Directorio operativo de centros educativos,https://www.gobiernodecanarias.org/educacion/centroseducativos/buscador-centros-openlayers/resultados/detalle?codigo=35004099
35004099,ZonaInspeccionNombre,LP0 - Provincia Las Palmas,Directorio operativo de centros educativos,https://www.gobiernodecanarias.org/educacion/centroseducativos/buscador-centros-openlayers/resultados/detalle?codigo=35004099
35004294,FuenteZonaInspeccion,Directorio operativo de centros educativos,Directorio operativo de centros educativos,https://www.gobiernodecanarias.org/educacion/centroseducativos/buscador-centros-openlayers/resultados/detalle?codigo=35004294
35004294,ZonaInspeccionCodigo,321,Directorio operativo de centros educativos,https://www.gobiernodecanarias.org/educacion/centroseducativos/buscador-centros-openlayers/resultados/detalle?codigo=35004294
35004294,ZonaInspeccionNombre,LP0 - Provincia Las Palmas,Directorio operativo de centros educativos,https://www.gobiernodecanarias.org/educacion/centroseducativos/buscador-centros-openlayers/resultados/detalle?codigo=35004294
35004415,FuenteZonaInspeccion,Directorio operativo de centros educativos,Directorio operativo de centros educativos,https://www.gobiernodecanarias.org/educacion/centroseducativos/buscador-centros-openlayers/resultados/detalle?codigo=35004415
35004415,ZonaInspeccionCodigo,318,Directorio operativo de centros educativos,https://www.gobiernodecanarias.org/educacion/centroseducativos/buscador-centros-openlayers/resultados/detalle?codigo=35004415
35004415,ZonaInspeccionNombre,LP0 - Provincia Las Palmas,Directorio operativo de centros educativos,https://www.gobiernodecanarias.org/educacion/centroseducativos/buscador-centros-openlayers/resultados/detalle?codigo=35004415
35004658,FuenteZonaInspeccion,Directorio operativo de centros educativos,Directorio operativo de centros educativos,https://www.gobiernodecanarias.org/educacion/centroseducativos/buscador-centros-openlayers/resultados/detalle?codigo=35004658
35004658,ZonaInspeccionCodigo,318,Directorio operativo de centros educativos,https://www.gobiernodecanarias.org/educacion/centroseducativos/buscador-centros-openlayers/resultados/detalle?codigo=35004658
35004658,ZonaInspeccionNombre,LP0 - Provincia Las Palmas,Directorio operativo de centros educativos,https://www.gobiernodecanarias.org/educacion/centroseducativos/buscador-centros-openlayers/resultados/detalle?codigo=35004658
35004683,FuenteZonaInspeccion,Directorio operativo de centros educativos,Directorio operativo de centros educativos,https://www.gobiernodecanarias.org/educacion/centroseducativos/buscador-centros-openlayers/resultados/detalle?codigo=35004683
35004683,ZonaInspeccionCodigo,318,Directorio operativo de centros educativos,https://www.gobiernodecanarias.org/educacion/centroseducativos/buscador-centros-openlayers/resultados/detalle?codigo=35004683
35004683,ZonaInspeccionNombre,LP0 - Provincia Las Palmas,Directorio operativo de centros educativos,https://www.gobiernodecanarias.org/educacion/centroseducativos/buscador-centros-openlayers/resultados/detalle?codigo=35004683
35004701,FuenteZonaInspeccion,Directorio operativo de centros educativos,Directorio operativo de centros educativos,https://www.gobiernodecanarias.org/educacion/centroseducativos/buscador-centros-openlayers/resultados/detalle?codigo=35004701
35004701,ZonaInspeccionCodigo,318,Directorio operativo de centros educativos,https://www.gobiernodecanarias.org/educacion/centroseducativos/buscador-centros-openlayers/resultados/detalle?codigo=35004701
35004701,ZonaInspeccionNombre,LP0 - Provincia Las Palmas,Directorio operativo de centros educativos,https://www.gobiernodecanarias.org/educacion/centroseducativos/buscador-centros-openlayers/resultados/detalle?codigo=35004701
35005195,FuenteZonaInspeccion,Directorio operativo de centros educativos,Directorio operativo de centros educativos,https://www.gobiernodecanarias.org/educacion/centroseducativos/buscador-centros-openlayers/resultados/detalle?codigo=35005195
35005195,ZonaInspeccionCodigo,105,Directorio operativo de centros educativos,https://www.gobiernodecanarias.org/educacion/centroseducativos/buscador-centros-openlayers/resultados/detalle?codigo=35005195
35005195,ZonaInspeccionNombre,LP0 - Provincia Las Palmas,Directorio operativo de centros educativos,https://www.gobiernodecanarias.org/educacion/centroseducativos/buscador-centros-openlayers/resultados/detalle?codigo=35005195
35005328,FuenteZonaInspeccion,Directorio operativo de centros educativos,Directorio operativo de centros educativos,https://www.gobiernodecanarias.org/educacion/centroseducativos/buscador-centros-openlayers/resultados/detalle?codigo=35005328
35005328,ZonaInspeccionCodigo,306,Directorio operativo de centros educativos,https://www.gobiernodecanarias.org/educacion/centroseducativos/buscador-centros-openlayers/resultados/detalle?codigo=35005328
35005328,ZonaInspeccionNombre,LP0 - Provincia Las Palmas,Directorio operativo de centros educativos,https://www.gobiernodecanarias.org/educacion/centroseducativos/buscador-centros-openlayers/resultados/detalle?codigo=35005328
35005331,FuenteZonaInspeccion,Directorio operativo de centros educativos,Directorio operativo de centros educativos,https://www.gobiernodecanarias.org/educacion/centroseducativos/buscador-centros-openlayers/resultados/detalle?codigo=35005331
35005331,ZonaInspeccionCodigo,311,Directorio operativo de centros educativos,https://www.gobiernodecanarias.org/educacion/centroseducativos/buscador-centros-openlayers/resultados/detalle?codigo=35005331
35005331,ZonaInspeccionNombre,LP0 - Provincia Las Palmas,Directorio operativo de centros educativos,https://www.gobiernodecanarias.org/educacion/centroseducativos/buscador-centros-openlayers/resultados/detalle?codigo=35005331
35005471,FuenteZonaInspeccion,Directorio operativo de centros educativos,Directorio operativo de centros educativos,https://www.gobiernodecanarias.org/educacion/centroseducativos/buscador-centros-openlayers/resultados/detalle?codigo=35005471
35005471,ZonaInspeccionCodigo,319,Directorio operativo de centros educativos,https://www.gobiernodecanarias.org/educacion/centroseducativos/buscador-centros-openlayers/resultados/detalle?codigo=35005471
35005471,ZonaInspeccionNombre,LP0 - Provincia Las Palmas,Directorio operativo de centros educativos,https://www.gobiernodecanarias.org/educacion/centroseducativos/buscador-centros-openlayers/resultados/detalle?codigo=35005471
35005596,FuenteZonaInspeccion,Directorio operativo de centros educativos,Directorio operativo de centros educativos,https://www.gobiernodecanarias.org/educacion/centroseducativos/buscador-centros-openlayers/resultados/detalle?codigo=35005596
35005596,ZonaInspeccionCodigo,105,Directorio operativo de centros educativos,https://www.gobiernodecanarias.org/educacion/centroseducativos/buscador-centros-openlayers/resultados/detalle?codigo=35005596
35005596,ZonaInspeccionNombre,LP0 - Provincia Las Palmas,Directorio operativo de centros educativos,https://www.gobiernodecanarias.org/educacion/centroseducativos/buscador-centros-openlayers/resultados/detalle?codigo=35005596
35005641,FuenteZonaInspeccion,Directorio operativo de centros educativos,Directorio operativo de centros educativos,https://www.gobiernodecanarias.org/educacion/centroseducativos/buscador-centros-openlayers/resultados/detalle?codigo=35005641
35005641,ZonaInspeccionCodigo,105,Directorio operativo de centros educativos,https://www.gobiernodecanarias.org/educacion/centroseducativos/buscador-centros-openlayers/resultados/detalle?codigo=35005641
35005641,ZonaInspeccionNombre,LP0 - Provincia Las Palmas,Directorio operativo de centros educativos,https://www.gobiernodecanarias.org/educacion/centroseducativos/buscador-centros-openlayers/resultados/detalle?codigo=35005641
35005651,FuenteZonaInspeccion,Directorio operativo de centros educativos,Directorio operativo de centros educativos,https://www.gobiernodecanarias.org/educacion/centroseducativos/buscador-centros-openlayers/resultados/detalle?codigo=35005651
35005651,ZonaInspeccionCodigo,313,Directorio operativo de centros educativos,https://www.gobiernodecanarias.org/educacion/centroseducativos/buscador-centros-openlayers/resultados/detalle?codigo=35005651
35005651,ZonaInspeccionNombre,LP0 - Provincia Las Palmas,Directorio operativo de centros educativos,https://www.gobiernodecanarias.org/educacion/centroseducativos/buscador-centros-openlayers/resultados/detalle?codigo=35005651
35005675,FuenteZonaInspeccion,Directorio operativo de centros educativos,Directorio operativo de centros educativos,https://www.gobiernodecanarias.org/educacion/centroseducativos/buscador-centros-openlayers/resultados/detalle?codigo=35005675
35005675,ZonaInspeccionCodigo,301,Directorio operativo de centros educativos,https://www.gobiernodecanarias.org/educacion/centroseducativos/buscador-centros-openlayers/resultados/detalle?codigo=35005675
35005675,ZonaInspeccionNombre,LP0 - Provincia Las Palmas,Directorio operativo de centros educativos,https://www.gobiernodecanarias.org/educacion/centroseducativos/buscador-centros-openlayers/resultados/detalle?codigo=35005675
35005811,FuenteZonaInspeccion,Directorio operativo de centros educativos,Directorio operativo de centros educativos,https://www.gobiernodecanarias.org/educacion/centroseducativos/buscador-centros-openlayers/resultados/detalle?codigo=35005811
35005811,ZonaInspeccionCodigo,105,Directorio operativo de centros educativos,https://www.gobiernodecanarias.org/educacion/centroseducativos/buscador-centros-openlayers/resultados/detalle?codigo=35005811
35005811,ZonaInspeccionNombre,LP0 - Provincia Las Palmas,Directorio operativo de centros educativos,https://www.gobiernodecanarias.org/educacion/centroseducativos/buscador-centros-openlayers/resultados/detalle?codigo=35005811
35006084,FuenteZonaInspeccion,Directorio operativo de centros educativos,Directorio operativo de centros educativos,https://www.gobiernodecanarias.org/educacion/centroseducativos/buscador-centros-openlayers/resultados/detalle?codigo=35006084
35006084,ZonaInspeccionCodigo,105,Directorio operativo de centros educativos,https://www.gobiernodecanarias.org/educacion/centroseducativos/buscador-centros-openlayers/resultados/detalle?codigo=35006084
35006084,ZonaInspeccionNombre,LP0 - Provincia Las Palmas,Directorio operativo de centros educativos,https://www.gobiernodecanarias.org/educacion/centroseducativos/buscador-centros-openlayers/resultados/detalle?codigo=35006084
35006357,FuenteZonaInspeccion,Directorio operativo de centros educativos,Directorio operativo de centros educativos,https://www.gobiernodecanarias.org/educacion/centroseducativos/buscador-centros-openlayers/resultados/detalle?codigo=35006357
35006357,ZonaInspeccionCodigo,321,Directorio operativo de centros educativos,https://www.gobiernodecanarias.org/educacion/centroseducativos/buscador-centros-openlayers/resultados/detalle?codigo=35006357
35006357,ZonaInspeccionNombre,LP0 - Provincia Las Palmas,Directorio operativo de centros educativos,https://www.gobiernodecanarias.org/educacion/centroseducativos/buscador-centros-openlayers/resultados/detalle?codigo=35006357
35006722,FuenteZonaInspeccion,Directorio operativo de centros educativos,Directorio operativo de centros educativos,https://www.gobiernodecanarias.org/educacion/centroseducativos/buscador-centros-openlayers/resultados/detalle?codigo=35006722
35006722,ZonaInspeccionCodigo,105,Directorio operativo de centros educativos,https://www.gobiernodecanarias.org/educacion/centroseducativos/buscador-centros-openlayers/resultados/detalle?codigo=35006722
35006722,ZonaInspeccionNombre,LP0 - Provincia Las Palmas,Directorio operativo de centros educativos,https://www.gobiernodecanarias.org/educacion/centroseducativos/buscador-centros-openlayers/resultados/detalle?codigo=35006722
35006734,FuenteZonaInspeccion,Directorio operativo de centros educativos,Directorio operativo de centros educativos,https://www.gobiernodecanarias.org/educacion/centroseducativos/buscador-centros-openlayers/resultados/detalle?codigo=35006734
35006734,ZonaInspeccionCodigo,105,Directorio operativo de centros educativos,https://www.gobiernodecanarias.org/educacion/centroseducativos/buscador-centros-openlayers/resultados/detalle?codigo=35006734
35006734,ZonaInspeccionNombre,LP0 - Provincia Las Palmas,Directorio operativo de centros educativos,https://www.gobiernodecanarias.org/educacion/centroseducativos/buscador-centros-openlayers/resultados/detalle?codigo=35006734
35006989,FuenteZonaInspeccion,Directorio operativo de centros educativos,Directorio operativo de centros educativos,https://www.gobiernodecanarias.org/educacion/centroseducativos/buscador-centros-openlayers/resultados/detalle?codigo=35006989
35006989,ZonaInspeccionCodigo,201,Directorio operativo de centros educativos,https://www.gobiernodecanarias.org/educacion/centroseducativos/buscador-centros-openlayers/resultados/detalle?codigo=35006989
35006989,ZonaInspeccionNombre,LP0 - Provincia Las Palmas,Directorio operativo de centros educativos,https://www.gobiernodecanarias.org/educacion/centroseducativos/buscador-centros-openlayers/resultados/detalle?codigo=35006989
35006990,FuenteZonaInspeccion,Directorio operativo de centros educativos,Directorio operativo de centros educativos,https://www.gobiernodecanarias.org/educacion/centroseducativos/buscador-centros-openlayers/resultados/detalle?codigo=35006990
35006990,ZonaInspeccionCodigo,201,Directorio operativo de centros educativos,https://www.gobiernodecanarias.org/educacion/centroseducativos/buscador-centros-openlayers/resultados/detalle?codigo=35006990
35006990,ZonaInspeccionNombre,LP0 - Provincia Las Palmas,Directorio operativo de centros educativos,https://www.gobiernodecanarias.org/educacion/centroseducativos/buscador-centros-openlayers/resultados/detalle?codigo=35006990
35007027,FuenteZonaInspeccion,Directorio operativo de centros educativos,Directorio operativo de centros educativos,https://www.gobiernodecanarias.org/educacion/centroseducativos/buscador-centros-openlayers/resultados/detalle?codigo=35007027
35007027,ZonaInspeccionCodigo,318,Directorio operativo de centros educativos,https://www.gobiernodecanarias.org/educacion/centroseducativos/buscador-centros-openlayers/resultados/detalle?codigo=35007027
35007027,ZonaInspeccionNombre,LP0 - Provincia Las Palmas,Directorio operativo de centros educativos,https://www.gobiernodecanarias.org/educacion/centroseducativos/buscador-centros-openlayers/resultados/detalle?codigo=35007027
35007431,FuenteZonaInspeccion,Directorio operativo de centros educativos,Directorio operativo de centros educativos,https://www.gobiernodecanarias.org/educacion/centroseducativos/buscador-centros-openlayers/resultados/detalle?codigo=35007431
35007431,ZonaInspeccionCodigo,315,Directorio operativo de centros educativos,https://www.gobiernodecanarias.org/educacion/centroseducativos/buscador-centros-openlayers/resultados/detalle?codigo=35007431
35007431,ZonaInspeccionNombre,LP0 - Provincia Las Palmas,Directorio operativo de centros educativos,https://www.gobiernodecanarias.org/educacion/centroseducativos/buscador-centros-openlayers/resultados/detalle?codigo=35007431
35007453,FuenteZonaInspeccion,Directorio operativo de centros educativos,Directorio operativo de centros educativos,https://www.gobiernodecanarias.org/educacion/centroseducativos/buscador-centros-openlayers/resultados/detalle?codigo=35007453
35007453,ZonaInspeccionCodigo,306,Directorio operativo de centros educativos,https://www.gobiernodecanarias.org/educacion/centroseducativos/buscador-centros-openlayers/resultados/detalle?codigo=35007453
35007453,ZonaInspeccionNombre,LP0 - Provincia Las Palmas,Directorio operativo de centros educativos,https://www.gobiernodecanarias.org/educacion/centroseducativos/buscador-centros-openlayers/resultados/detalle?codigo=35007453
35007775,Telefono,928-521224 y 928-393024,Directorio operativo de centros educativos,https://www.gobiernodecanarias.org/educacion/centroseducativos/buscador-centros-openlayers/resultados/detalle?codigo=35007775
35007829,FuenteZonaInspeccion,Directorio operativo de centros educativos,Directorio operativo de centros educativos,https://www.gobiernodecanarias.org/educacion/centroseducativos/buscador-centros-openlayers/resultados/detalle?codigo=35007829
35007829,ZonaInspeccionCodigo,321,Directorio operativo de centros educativos,https://www.gobiernodecanarias.org/educacion/centroseducativos/buscador-centros-openlayers/resultados/detalle?codigo=35007829
35007829,ZonaInspeccionNombre,LP0 - Provincia Las Palmas,Directorio operativo de centros educativos,https://www.gobiernodecanarias.org/educacion/centroseducativos/buscador-centros-openlayers/resultados/detalle?codigo=35007829
35007854,Telefono,928-375051,Directorio operativo de centros educativos,https://www.gobiernodecanarias.org/educacion/centroseducativos/buscador-centros-openlayers/resultados/detalle?codigo=35007854
35007881,FuenteZonaInspeccion,Directorio operativo de centros educativos,Directorio operativo de centros educativos,https://www.gobiernodecanarias.org/educacion/centroseducativos/buscador-centros-openlayers/resultados/detalle?codigo=35007881
35007881,ZonaInspeccionCodigo,305,Directorio operativo de centros educativos,https://www.gobiernodecanarias.org/educacion/centroseducativos/buscador-centros-openlayers/resultados/detalle?codigo=35007881
35007881,ZonaInspeccionNombre,LP0 - Provincia Las Palmas,Directorio operativo de centros educativos,https://www.gobiernodecanarias.org/educacion/centroseducativos/buscador-centros-openlayers/resultados/detalle?codigo=35007881
35007945,FuenteZonaInspeccion,Directorio operativo de centros educativos,Directorio operativo de centros educativos,https://www.gobiernodecanarias.org/educacion/centroseducativos/buscador-centros-openlayers/resultados/detalle?codigo=35007945
35007945,ZonaInspeccionCodigo,321,Directorio operativo de centros educativos,https://www.gobiernodecanarias.org/educacion/centroseducativos/buscador-centros-openlayers/resultados/detalle?codigo=35007945
35007945,ZonaInspeccionNombre,LP0 - Provincia Las Palmas,Directorio operativo de centros educativos,https://www.gobiernodecanarias.org/educacion/centroseducativos/buscador-centros-openlayers/resultados/detalle?codigo=35007945
35007982,FuenteZonaInspeccion,Directorio operativo de centros educativos,Directorio operativo de centros educativos,https://www.gobiernodecanarias.org/educacion/centroseducativos/buscador-centros-openlayers/resultados/detalle?codigo=35007982
35007982,ZonaInspeccionCodigo,308,Directorio operativo de centros educativos,https://www.gobiernodecanarias.org/educacion/centroseducativos/buscador-centros-openlayers/resultados/detalle?codigo=35007982
35007982,ZonaInspeccionNombre,LP0 - Provincia Las Palmas,Directorio operativo de centros educativos,https://www.gobiernodecanarias.org/educacion/centroseducativos/buscador-centros-openlayers/resultados/detalle?codigo=35007982
35008019,FuenteZonaInspeccion,Directorio operativo de centros educativos,Directorio operativo de centros educativos,https://www.gobiernodecanarias.org/educacion/centroseducativos/buscador-centros-openlayers/resultados/detalle?codigo=35008019
35008019,ZonaInspeccionCodigo,321,Directorio operativo de centros educativos,https://www.gobiernodecanarias.org/educacion/centroseducativos/buscador-centros-openlayers/resultados/detalle?codigo=35008019
35008019,ZonaInspeccionNombre,LP0 - Provincia Las Palmas,Directorio operativo de centros educativos,https://www.gobiernodecanarias.org/educacion/centroseducativos/buscador-centros-openlayers/resultados/detalle?codigo=35008019
35008381,Telefono,928-899739 y 928-228912,Directorio operativo de centros educativos,https://www.gobiernodecanarias.org/educacion/centroseducativos/buscador-centros-openlayers/resultados/detalle?codigo=35008381
35008457,FuenteZonaInspeccion,Directorio operativo de centros educativos,Directorio operativo de centros educativos,https://www.gobiernodecanarias.org/educacion/centroseducativos/buscador-centros-openlayers/resultados/detalle?codigo=35008457
35008457,ZonaInspeccionCodigo,321,Directorio operativo de centros educativos,https://www.gobiernodecanarias.org/educacion/centroseducativos/buscador-centros-openlayers/resultados/detalle?codigo=35008457
35008457,ZonaInspeccionNombre,LP0 - Provincia Las Palmas,Directorio operativo de centros educativos,https://www.gobiernodecanarias.org/educacion/centroseducativos/buscador-centros-openlayers/resultados/detalle?codigo=35008457
35008561,FuenteZonaInspeccion,Directorio operativo de centros educativos,Directorio operativo de centros educativos,https://www.gobiernodecanarias.org/educacion/centroseducativos/buscador-centros-openlayers/resultados/detalle?codigo=35008561
35008561,ZonaInspeccionCodigo,305,Directorio operativo de centros educativos,https://www.gobiernodecanarias.org/educacion/centroseducativos/buscador-centros-openlayers/resultados/detalle?codigo=35008561
35008561,ZonaInspeccionNombre,LP0 - Provincia Las Palmas,Directorio operativo de centros educativos,https://www.gobiernodecanarias.org/educacion/centroseducativos/buscador-centros-openlayers/resultados/detalle?codigo=35008561
35008640,FuenteZonaInspeccion,Directorio operativo de centros educativos,Directorio operativo de centros educativos,https://www.gobiernodecanarias.org/educacion/centroseducativos/buscador-centros-openlayers/resultados/detalle?codigo=35008640
35008640,ZonaInspeccionCodigo,101,Directorio operativo de centros educativos,https://www.gobiernodecanarias.org/educacion/centroseducativos/buscador-centros-openlayers/resultados/detalle?codigo=35008640
35008640,ZonaInspeccionNombre,LP0 - Provincia Las Palmas,Directorio operativo de centros educativos,https://www.gobiernodecanarias.org/educacion/centroseducativos/buscador-centros-openlayers/resultados/detalle?codigo=35008640
35008664,FuenteZonaInspeccion,Directorio operativo de centros educativos,Directorio operativo de centros educativos,https://www.gobiernodecanarias.org/educacion/centroseducativos/buscador-centros-openlayers/resultados/detalle?codigo=35008664
35008664,ZonaInspeccionCodigo,321,Directorio operativo de centros educativos,https://www.gobiernodecanarias.org/educacion/centroseducativos/buscador-centros-openlayers/resultados/detalle?codigo=35008664
35008664,ZonaInspeccionNombre,LP0 - Provincia Las Palmas,Directorio operativo de centros educativos,https://www.gobiernodecanarias.org/educacion/centroseducativos/buscador-centros-openlayers/resultados/detalle?codigo=35008664
35008743,FuenteZonaInspeccion,Directorio operativo de centros educativos,Directorio operativo de centros educativos,https://www.gobiernodecanarias.org/educacion/centroseducativos/buscador-centros-openlayers/resultados/detalle?codigo=35008743
35008743,ZonaInspeccionCodigo,315,Directorio operativo de centros educativos,https://www.gobiernodecanarias.org/educacion/centroseducativos/buscador-centros-openlayers/resultados/detalle?codigo=35008743
35008743,ZonaInspeccionNombre,LP0 - Provincia Las Palmas,Directorio operativo de centros educativos,https://www.gobiernodecanarias.org/educacion/centroseducativos/buscador-centros-openlayers/resultados/detalle?codigo=35008743
35008925,FuenteZonaInspeccion,Directorio operativo de centros educativos,Directorio operativo de centros educativos,https://www.gobiernodecanarias.org/educacion/centroseducativos/buscador-centros-openlayers/resultados/detalle?codigo=35008925
35008925,ZonaInspeccionCodigo,319,Directorio operativo de centros educativos,https://www.gobiernodecanarias.org/educacion/centroseducativos/buscador-centros-openlayers/resultados/detalle?codigo=35008925
35008925,ZonaInspeccionNombre,LP0 - Provincia Las Palmas,Directorio operativo de centros educativos,https://www.gobiernodecanarias.org/educacion/centroseducativos/buscador-centros-openlayers/resultados/detalle?codigo=35008925
35009346,Telefono,928-375101,Directorio operativo de centros educativos,https://www.gobiernodecanarias.org/educacion/centroseducativos/buscador-centros-openlayers/resultados/detalle?codigo=35009346
35009395,FuenteZonaInspeccion,Directorio operativo de centros educativos,Directorio operativo de centros educativos,https://www.gobiernodecanarias.org/educacion/centroseducativos/buscador-centros-openlayers/resultados/detalle?codigo=35009395
35009395,ZonaInspeccionCodigo,315,Directorio operativo de centros educativos,https://www.gobiernodecanarias.org/educacion/centroseducativos/buscador-centros-openlayers/resultados/detalle?codigo=35009395
35009395,ZonaInspeccionNombre,LP0 - Provincia Las Palmas,Directorio operativo de centros educativos,https://www.gobiernodecanarias.org/educacion/centroseducativos/buscador-centros-openlayers/resultados/detalle?codigo=35009395
35009450,FuenteZonaInspeccion,Directorio operativo de centros educativos,Directorio operativo de centros educativos,https://www.gobiernodecanarias.org/educacion/centroseducativos/buscador-centros-openlayers/resultados/detalle?codigo=35009450
35009450,ZonaInspeccionCodigo,105,Directorio operativo de centros educativos,https://www.gobiernodecanarias.org/educacion/centroseducativos/buscador-centros-openlayers/resultados/detalle?codigo=35009450
35009450,ZonaInspeccionNombre,LP0 - Provincia Las Palmas,Directorio operativo de centros educativos,https://www.gobiernodecanarias.org/educacion/centroseducativos/buscador-centros-openlayers/resultados/detalle?codigo=35009450
35009541,FuenteZonaInspeccion,Directorio operativo de centros educativos,Directorio operativo de centros educativos,https://www.gobiernodecanarias.org/educacion/centroseducativos/buscador-centros-openlayers/resultados/detalle?codigo=35009541
35009541,ZonaInspeccionCodigo,315,Directorio operativo de centros educativos,https://www.gobiernodecanarias.org/educacion/centroseducativos/buscador-centros-openlayers/resultados/detalle?codigo=35009541
35009541,ZonaInspeccionNombre,LP0 - Provincia Las Palmas,Directorio operativo de centros educativos,https://www.gobiernodecanarias.org/educacion/centroseducativos/buscador-centros-openlayers/resultados/detalle?codigo=35009541
35009681,FuenteZonaInspeccion,Directorio operativo de centros educativos,Directorio operativo de centros educativos,https://www.gobiernodecanarias.org/educacion/centroseducativos/buscador-centros-openlayers/resultados/detalle?codigo=35009681
35009681,ZonaInspeccionCodigo,320,Directorio operativo de centros educativos,https://www.gobiernodecanarias.org/educacion/centroseducativos/buscador-centros-openlayers/resultados/detalle?codigo=35009681
35009681,ZonaInspeccionNombre,LP0 - Provincia Las Palmas,Directorio operativo de centros educativos,https://www.gobiernodecanarias.org/educacion/centroseducativos/buscador-centros-openlayers/resultados/detalle?codigo=35009681
35009841,FuenteZonaInspeccion,Directorio operativo de centros educativos,Directorio operativo de centros educativos,https://www.gobiernodecanarias.org/educacion/centroseducativos/buscador-centros-openlayers/resultados/detalle?codigo=35009841
35009841,ZonaInspeccionCodigo,318,Directorio operativo de centros educativos,https://www.gobiernodecanarias.org/educacion/centroseducativos/buscador-centros-openlayers/resultados/detalle?codigo=35009841
35009841,ZonaInspeccionNombre,LP0 - Provincia Las Palmas,Directorio operativo de centros educativos,https://www.gobiernodecanarias.org/educacion/centroseducativos/buscador-centros-openlayers/resultados/detalle?codigo=35009841
35010038,FuenteZonaInspeccion,Directorio operativo de centros educativos,Directorio operativo de centros educativos,https://www.gobiernodecanarias.org/educacion/centroseducativos/buscador-centros-openlayers/resultados/detalle?codigo=35010038
35010038,ZonaInspeccionCodigo,328,Directorio operativo de centros educativos,https://www.gobiernodecanarias.org/educacion/centroseducativos/buscador-centros-openlayers/resultados/detalle?codigo=35010038
35010038,ZonaInspeccionNombre,LP0 - Provincia Las Palmas,Directorio operativo de centros educativos,https://www.gobiernodecanarias.org/educacion/centroseducativos/buscador-centros-openlayers/resultados/detalle?codigo=35010038
35010178,FuenteZonaInspeccion,Directorio operativo de centros educativos,Directorio operativo de centros educativos,https://www.gobiernodecanarias.org/educacion/centroseducativos/buscador-centros-openlayers/resultados/detalle?codigo=35010178
35010178,ZonaInspeccionCodigo,316,Directorio operativo de centros educativos,https://www.gobiernodecanarias.org/educacion/centroseducativos/buscador-centros-openlayers/resultados/detalle?codigo=35010178
35010178,ZonaInspeccionNombre,LP0 - Provincia Las Palmas,Directorio operativo de centros educativos,https://www.gobiernodecanarias.org/educacion/centroseducativos/buscador-centros-openlayers/resultados/detalle?codigo=35010178
35010208,FuenteZonaInspeccion,Directorio operativo de centros educativos,Directorio operativo de centros educativos,https://www.gobiernodecanarias.org/educacion/centroseducativos/buscador-centros-openlayers/resultados/detalle?codigo=35010208
35010208,ZonaInspeccionCodigo,312,Directorio operativo de centros educativos,https://www.gobiernodecanarias.org/educacion/centroseducativos/buscador-centros-openlayers/resultados/detalle?codigo=35010208
35010208,ZonaInspeccionNombre,LP0 - Provincia Las Palmas,Directorio operativo de centros educativos,https://www.gobiernodecanarias.org/educacion/centroseducativos/buscador-centros-openlayers/resultados/detalle?codigo=35010208
35010385,FuenteZonaInspeccion,Directorio operativo de centros educativos,Directorio operativo de centros educativos,https://www.gobiernodecanarias.org/educacion/centroseducativos/buscador-centros-openlayers/resultados/detalle?codigo=35010385
35010385,ZonaInspeccionCodigo,318,Directorio operativo de centros educativos,https://www.gobiernodecanarias.org/educacion/centroseducativos/buscador-centros-openlayers/resultados/detalle?codigo=35010385
35010385,ZonaInspeccionNombre,LP0 - Provincia Las Palmas,Directorio operativo de centros educativos,https://www.gobiernodecanarias.org/educacion/centroseducativos/buscador-centros-openlayers/resultados/detalle?codigo=35010385
35010439,FuenteZonaInspeccion,Directorio operativo de centros educativos,Directorio operativo de centros educativos,https://www.gobiernodecanarias.org/educacion/centroseducativos/buscador-centros-openlayers/resultados/detalle?codigo=35010439
35010439,ZonaInspeccionCodigo,316,Directorio operativo de centros educativos,https://www.gobiernodecanarias.org/educacion/centroseducativos/buscador-centros-openlayers/resultados/detalle?codigo=35010439
35010439,ZonaInspeccionNombre,LP0 - Provincia Las Palmas,Directorio operativo de centros educativos,https://www.gobiernodecanarias.org/educacion/centroseducativos/buscador-centros-openlayers/resultados/detalle?codigo=35010439
35013696,FuenteZonaInspeccion,Directorio operativo de centros educativos,Directorio operativo de centros educativos,https://www.gobiernodecanarias.org/educacion/centroseducativos/buscador-centros-openlayers/resultados/detalle?codigo=35013696
35013696,ZonaInspeccionCodigo,316,Directorio operativo de centros educativos,https://www.gobiernodecanarias.org/educacion/centroseducativos/buscador-centros-openlayers/resultados/detalle?codigo=35013696
35013696,ZonaInspeccionNombre,LP0 - Provincia Las Palmas,Directorio operativo de centros educativos,https://www.gobiernodecanarias.org/educacion/centroseducativos/buscador-centros-openlayers/resultados/detalle?codigo=35013696
35013714,FuenteZonaInspeccion,Directorio operativo de centros educativos,Directorio operativo de centros educativos,https://www.gobiernodecanarias.org/educacion/centroseducativos/buscador-centros-openlayers/resultados/detalle?codigo=35013714
35013714,ZonaInspeccionCodigo,316,Directorio operativo de centros educativos,https://www.gobiernodecanarias.org/educacion/centroseducativos/buscador-centros-openlayers/resultados/detalle?codigo=35013714
35013714,ZonaInspeccionNombre,LP0 - Provincia Las Palmas,Directorio operativo de centros educativos,https://www.gobiernodecanarias.org/educacion/centroseducativos/buscador-centros-openlayers/resultados/detalle?codigo=35013714
35013842,Telefono,928-601403 y 928-375113,Directorio operativo de centros educativos,https://www.gobiernodecanarias.org/educacion/centroseducativos/buscador-centros-openlayers/resultados/detalle?codigo=35013842
35013911,FuenteZonaInspeccion,Directorio operativo de centros educativos,Directorio operativo de centros educativos,https://www.gobiernodecanarias.org/educacion/centroseducativos/buscador-centros-openlayers/resultados/detalle?codigo=35013911
35013911,ZonaInspeccionCodigo,317,Directorio operativo de centros educativos,https://www.gobiernodecanarias.org/educacion/centroseducativos/buscador-centros-openlayers/resultados/detalle?codigo=35013911
35013911,ZonaInspeccionNombre,LP0 - Provincia Las Palmas,Directorio operativo de centros educativos,https://www.gobiernodecanarias.org/educacion/centroseducativos/buscador-centros-openlayers/resultados/detalle?codigo=35013911
35013921,FuenteZonaInspeccion,Directorio operativo de centros educativos,Directorio operativo de centros educativos,https://www.gobiernodecanarias.org/educacion/centroseducativos/buscador-centros-openlayers/resultados/detalle?codigo=35013921
35013921,ZonaInspeccionCodigo,327,Directorio operativo de centros educativos,https://www.gobiernodecanarias.org/educacion/centroseducativos/buscador-centros-openlayers/resultados/detalle?codigo=35013921
35013921,ZonaInspeccionNombre,LP0 - Provincia Las Palmas,Directorio operativo de centros educativos,https://www.gobiernodecanarias.org/educacion/centroseducativos/buscador-centros-openlayers/resultados/detalle?codigo=35013921
35014019,FuenteZonaInspeccion,Directorio operativo de centros educativos,Directorio operativo de centros educativos,https://www.gobiernodecanarias.org/educacion/centroseducativos/buscador-centros-openlayers/resultados/detalle?codigo=35014019
35014019,ZonaInspeccionCodigo,104,Directorio operativo de centros educativos,https://www.gobiernodecanarias.org/educacion/centroseducativos/buscador-centros-openlayers/resultados/detalle?codigo=35014019
35014019,ZonaInspeccionNombre,LP0 - Provincia Las Palmas,Directorio operativo de centros educativos,https://www.gobiernodecanarias.org/educacion/centroseducativos/buscador-centros-openlayers/resultados/detalle?codigo=35014019
35014457,FuenteZonaInspeccion,Directorio operativo de centros educativos,Directorio operativo de centros educativos,https://www.gobiernodecanarias.org/educacion/centroseducativos/buscador-centros-openlayers/resultados/detalle?codigo=35014457
35014457,ZonaInspeccionCodigo,324,Directorio operativo de centros educativos,https://www.gobiernodecanarias.org/educacion/centroseducativos/buscador-centros-openlayers/resultados/detalle?codigo=35014457
35014457,ZonaInspeccionNombre,LP0 - Provincia Las Palmas,Directorio operativo de centros educativos,https://www.gobiernodecanarias.org/educacion/centroseducativos/buscador-centros-openlayers/resultados/detalle?codigo=35014457
35014639,FuenteZonaInspeccion,Directorio operativo de centros educativos,Directorio operativo de centros educativos,https://www.gobiernodecanarias.org/educacion/centroseducativos/buscador-centros-openlayers/resultados/detalle?codigo=35014639
35014639,ZonaInspeccionCodigo,316,Directorio operativo de centros educativos,https://www.gobiernodecanarias.org/educacion/centroseducativos/buscador-centros-openlayers/resultados/detalle?codigo=35014639
35014639,ZonaInspeccionNombre,LP0 - Provincia Las Palmas,Directorio operativo de centros educativos,https://www.gobiernodecanarias.org/educacion/centroseducativos/buscador-centros-openlayers/resultados/detalle?codigo=35014639
35014676,FuenteZonaInspeccion,Directorio operativo de centros educativos,Directorio operativo de centros educativos,https://www.gobiernodecanarias.org/educacion/centroseducativos/buscador-centros-openlayers/resultados/detalle?codigo=35014676
35014676,ZonaInspeccionCodigo,105,Directorio operativo de centros educativos,https://www.gobiernodecanarias.org/educacion/centroseducativos/buscador-centros-openlayers/resultados/detalle?codigo=35014676
35014676,ZonaInspeccionNombre,LP0 - Provincia Las Palmas,Directorio operativo de centros educativos,https://www.gobiernodecanarias.org/educacion/centroseducativos/buscador-centros-openlayers/resultados/detalle?codigo=35014676
35014743,FuenteZonaInspeccion,Directorio operativo de centros educativos,Directorio operativo de centros educativos,https://www.gobiernodecanarias.org/educacion/centroseducativos/buscador-centros-openlayers/resultados/detalle?codigo=35014743
35014743,ZonaInspeccionCodigo,308,Directorio operativo de centros educativos,https://www.gobiernodecanarias.org/educacion/centroseducativos/buscador-centros-openlayers/resultados/detalle?codigo=35014743
35014743,ZonaInspeccionNombre,LP0 - Provincia Las Palmas,Directorio operativo de centros educativos,https://www.gobiernodecanarias.org/educacion/centroseducativos/buscador-centros-openlayers/resultados/detalle?codigo=35014743
35014755,FuenteZonaInspeccion,Directorio operativo de centros educativos,Directorio operativo de centros educativos,https://www.gobiernodecanarias.org/educacion/centroseducativos/buscador-centros-openlayers/resultados/detalle?codigo=35014755
35014755,ZonaInspeccionCodigo,105,Directorio operativo de centros educativos,https://www.gobiernodecanarias.org/educacion/centroseducativos/buscador-centros-openlayers/resultados/detalle?codigo=35014755
35014755,ZonaInspeccionNombre,LP0 - Provincia Las Palmas,Directorio operativo de centros educativos,https://www.gobiernodecanarias.org/educacion/centroseducativos/buscador-centros-openlayers/resultados/detalle?codigo=35014755
35015619,FuenteZonaInspeccion,Directorio operativo de centros educativos,Directorio operativo de centros educativos,https://www.gobiernodecanarias.org/educacion/centroseducativos/buscador-centros-openlayers/resultados/detalle?codigo=35015619
35015619,ZonaInspeccionCodigo,101,Directorio operativo de centros educativos,https://www.gobiernodecanarias.org/educacion/centroseducativos/buscador-centros-openlayers/resultados/detalle?codigo=35015619
35015619,ZonaInspeccionNombre,LP0 - Provincia Las Palmas,Directorio operativo de centros educativos,https://www.gobiernodecanarias.org/educacion/centroseducativos/buscador-centros-openlayers/resultados/detalle?codigo=35015619
35015701,FuenteZonaInspeccion,Directorio operativo de centros educativos,Directorio operativo de centros educativos,https://www.gobiernodecanarias.org/educacion/centroseducativos/buscador-centros-openlayers/resultados/detalle?codigo=35015701
35015701,ZonaInspeccionCodigo,105,Directorio operativo de centros educativos,https://www.gobiernodecanarias.org/educacion/centroseducativos/buscador-centros-openlayers/resultados/detalle?codigo=35015701
35015701,ZonaInspeccionNombre,LP0 - Provincia Las Palmas,Directorio operativo de centros educativos,https://www.gobiernodecanarias.org/educacion/centroseducativos/buscador-centros-openlayers/resultados/detalle?codigo=35015701
35015711,FuenteZonaInspeccion,Directorio operativo de centros educativos,Directorio operativo de centros educativos,https://www.gobiernodecanarias.org/educacion/centroseducativos/buscador-centros-openlayers/resultados/detalle?codigo=35015711
35015711,ZonaInspeccionCodigo,105,Directorio operativo de centros educativos,https://www.gobiernodecanarias.org/educacion/centroseducativos/buscador-centros-openlayers/resultados/detalle?codigo=35015711
35015711,ZonaInspeccionNombre,LP0 - Provincia Las Palmas,Directorio operativo de centros educativos,https://www.gobiernodecanarias.org/educacion/centroseducativos/buscador-centros-openlayers/resultados/detalle?codigo=35015711
35015747,FuenteZonaInspeccion,Directorio operativo de centros educativos,Directorio operativo de centros educativos,https://www.gobiernodecanarias.org/educacion/centroseducativos/buscador-centros-openlayers/resultados/detalle?codigo=35015747
35015747,ZonaInspeccionCodigo,202,Directorio operativo de centros educativos,https://www.gobiernodecanarias.org/educacion/centroseducativos/buscador-centros-openlayers/resultados/detalle?codigo=35015747
35015747,ZonaInspeccionNombre,LP0 - Provincia Las Palmas,Directorio operativo de centros educativos,https://www.gobiernodecanarias.org/educacion/centroseducativos/buscador-centros-openlayers/resultados/detalle?codigo=35015747
35015905,FuenteZonaInspeccion,Directorio operativo de centros educativos,Directorio operativo de centros educativos,https://www.gobiernodecanarias.org/educacion/centroseducativos/buscador-centros-openlayers/resultados/detalle?codigo=35015905
35015905,ZonaInspeccionCodigo,326,Directorio operativo de centros educativos,https://www.gobiernodecanarias.org/educacion/centroseducativos/buscador-centros-openlayers/resultados/detalle?codigo=35015905
35015905,ZonaInspeccionNombre,LP0 - Provincia Las Palmas,Directorio operativo de centros educativos,https://www.gobiernodecanarias.org/educacion/centroseducativos/buscador-centros-openlayers/resultados/detalle?codigo=35015905
35015942,FuenteZonaInspeccion,Directorio operativo de centros educativos,Directorio operativo de centros educativos,https://www.gobiernodecanarias.org/educacion/centroseducativos/buscador-centros-openlayers/resultados/detalle?codigo=35015942
35015942,ZonaInspeccionCodigo,327,Directorio operativo de centros educativos,https://www.gobiernodecanarias.org/educacion/centroseducativos/buscador-centros-openlayers/resultados/detalle?codigo=35015942
35015942,ZonaInspeccionNombre,LP0 - Provincia Las Palmas,Directorio operativo de centros educativos,https://www.gobiernodecanarias.org/educacion/centroseducativos/buscador-centros-openlayers/resultados/detalle?codigo=35015942
35015966,FuenteZonaInspeccion,Directorio operativo de centros educativos,Directorio operativo de centros educativos,https://www.gobiernodecanarias.org/educacion/centroseducativos/buscador-centros-openlayers/resultados/detalle?codigo=35015966
35015966,ZonaInspeccionCodigo,304,Directorio operativo de centros educativos,https://www.gobiernodecanarias.org/educacion/centroseducativos/buscador-centros-openlayers/resultados/detalle?codigo=35015966
35015966,ZonaInspeccionNombre,LP0 - Provincia Las Palmas,Directorio operativo de centros educativos,https://www.gobiernodecanarias.org/educacion/centroseducativos/buscador-centros-openlayers/resultados/detalle?codigo=35015966
35015978,FuenteZonaInspeccion,Directorio operativo de centros educativos,Directorio operativo de centros educativos,https://www.gobiernodecanarias.org/educacion/centroseducativos/buscador-centros-openlayers/resultados/detalle?codigo=35015978
35015978,ZonaInspeccionCodigo,323,Directorio operativo de centros educativos,https://www.gobiernodecanarias.org/educacion/centroseducativos/buscador-centros-openlayers/resultados/detalle?codigo=35015978
35015978,ZonaInspeccionNombre,LP0 - Provincia Las Palmas,Directorio operativo de centros educativos,https://www.gobiernodecanarias.org/educacion/centroseducativos/buscador-centros-openlayers/resultados/detalle?codigo=35015978
35015991,FuenteZonaInspeccion,Directorio operativo de centros educativos,Directorio operativo de centros educativos,https://www.gobiernodecanarias.org/educacion/centroseducativos/buscador-centros-openlayers/resultados/detalle?codigo=35015991
35015991,ZonaInspeccionCodigo,325,Directorio operativo de centros educativos,https://www.gobiernodecanarias.org/educacion/centroseducativos/buscador-centros-openlayers/resultados/detalle?codigo=35015991
35015991,ZonaInspeccionNombre,LP0 - Provincia Las Palmas,Directorio operativo de centros educativos,https://www.gobiernodecanarias.org/educacion/centroseducativos/buscador-centros-openlayers/resultados/detalle?codigo=35015991
35016016,FuenteZonaInspeccion,Directorio operativo de centros educativos,Directorio operativo de centros educativos,https://www.gobiernodecanarias.org/educacion/centroseducativos/buscador-centros-openlayers/resultados/detalle?codigo=35016016
35016016,ZonaInspeccionCodigo,318,Directorio operativo de centros educativos,https://www.gobiernodecanarias.org/educacion/centroseducativos/buscador-centros-openlayers/resultados/detalle?codigo=35016016
35016016,ZonaInspeccionNombre,LP0 - Provincia Las Palmas,Directorio operativo de centros educativos,https://www.gobiernodecanarias.org/educacion/centroseducativos/buscador-centros-openlayers/resultados/detalle?codigo=35016016
35016028,FuenteZonaInspeccion,Directorio operativo de centros educativos,Directorio operativo de centros educativos,https://www.gobiernodecanarias.org/educacion/centroseducativos/buscador-centros-openlayers/resultados/detalle?codigo=35016028
35016028,ZonaInspeccionCodigo,315,Directorio operativo de centros educativos,https://www.gobiernodecanarias.org/educacion/centroseducativos/buscador-centros-openlayers/resultados/detalle?codigo=35016028
35016028,ZonaInspeccionNombre,LP0 - Provincia Las Palmas,Directorio operativo de centros educativos,https://www.gobiernodecanarias.org/educacion/centroseducativos/buscador-centros-openlayers/resultados/detalle?codigo=35016028
35016031,FuenteZonaInspeccion,Directorio operativo de centros educativos,Directorio operativo de centros educativos,https://www.gobiernodecanarias.org/educacion/centroseducativos/buscador-centros-openlayers/resultados/detalle?codigo=35016031
35016031,ZonaInspeccionCodigo,104,Directorio operativo de centros educativos,https://www.gobiernodecanarias.org/educacion/centroseducativos/buscador-centros-openlayers/resultados/detalle?codigo=35016031
35016031,ZonaInspeccionNombre,LP0 - Provincia Las Palmas,Directorio operativo de centros educativos,https://www.gobiernodecanarias.org/educacion/centroseducativos/buscador-centros-openlayers/resultados/detalle?codigo=35016031
35016041,FuenteZonaInspeccion,Directorio operativo de centros educativos,Directorio operativo de centros educativos,https://www.gobiernodecanarias.org/educacion/centroseducativos/buscador-centros-openlayers/resultados/detalle?codigo=35016041
35016041,ZonaInspeccionCodigo,301,Directorio operativo de centros educativos,https://www.gobiernodecanarias.org/educacion/centroseducativos/buscador-centros-openlayers/resultados/detalle?codigo=35016041
35016041,ZonaInspeccionNombre,LP0 - Provincia Las Palmas,Directorio operativo de centros educativos,https://www.gobiernodecanarias.org/educacion/centroseducativos/buscador-centros-openlayers/resultados/detalle?codigo=35016041
35016053,FuenteZonaInspeccion,Directorio operativo de centros educativos,Directorio operativo de centros educativos,https://www.gobiernodecanarias.org/educacion/centroseducativos/buscador-centros-openlayers/resultados/detalle?codigo=35016053
35016053,ZonaInspeccionCodigo,202,Directorio operativo de centros educativos,https://www.gobiernodecanarias.org/educacion/centroseducativos/buscador-centros-openlayers/resultados/detalle?codigo=35016053
35016053,ZonaInspeccionNombre,LP0 - Provincia Las Palmas,Directorio operativo de centros educativos,https://www.gobiernodecanarias.org/educacion/centroseducativos/buscador-centros-openlayers/resultados/detalle?codigo=35016053
35016065,FuenteZonaInspeccion,Directorio operativo de centros educativos,Directorio operativo de centros educativos,https://www.gobiernodecanarias.org/educacion/centroseducativos/buscador-centros-openlayers/resultados/detalle?codigo=35016065
35016065,ZonaInspeccionCodigo,202,Directorio operativo de centros educativos,https://www.gobiernodecanarias.org/educacion/centroseducativos/buscador-centros-openlayers/resultados/detalle?codigo=35016065
35016065,ZonaInspeccionNombre,LP0 - Provincia Las Palmas,Directorio operativo de centros educativos,https://www.gobiernodecanarias.org/educacion/centroseducativos/buscador-centros-openlayers/resultados/detalle?codigo=35016065
35016077,FuenteZonaInspeccion,Directorio operativo de centros educativos,Directorio operativo de centros educativos,https://www.gobiernodecanarias.org/educacion/centroseducativos/buscador-centros-openlayers/resultados/detalle?codigo=35016077
35016077,ZonaInspeccionCodigo,311,Directorio operativo de centros educativos,https://www.gobiernodecanarias.org/educacion/centroseducativos/buscador-centros-openlayers/resultados/detalle?codigo=35016077
35016077,ZonaInspeccionNombre,LP0 - Provincia Las Palmas,Directorio operativo de centros educativos,https://www.gobiernodecanarias.org/educacion/centroseducativos/buscador-centros-openlayers/resultados/detalle?codigo=35016077
35016089,Latitud,27.8024652,"OpenStreetMap (Nominatim), geocodificación de la vía, aproximada (Directorio operativo de centros educativos)",https://nominatim.openstreetmap.org/search?q=Calle+Victoriano+Guedes+Artiles%2C+San+Bartolom%C3%A9+de+Tirajana&format=json
35016089,Longitud,-15.4612401,"OpenStreetMap (Nominatim), geocodificación de la vía, aproximada (Directorio operativo de centros educativos)",https://nominatim.openstreetmap.org/search?q=Calle+Victoriano+Guedes+Artiles%2C+San+Bartolom%C3%A9+de+Tirajana&format=json
35016090,Latitud,27.7686604,"CartoCiudad (IGN), geocodificación por vía, aproximada de la dirección de Directorio operativo de centros educativos",https://www.cartociudad.es/geocoder/api/geocoder/find?q=C%2F+MANUEL+PESTANA+QUINTERO%2C+S%2FN%2C+SAN+BARTOLOM%C3%89+DE+TIRAJANA
35016090,Longitud,-15.604835,"CartoCiudad (IGN), geocodificación por vía, aproximada de la dirección de Directorio operativo de centros educativos",https://www.cartociudad.es/geocoder/api/geocoder/find?q=C%2F+MANUEL+PESTANA+QUINTERO%2C+S%2FN%2C+SAN+BARTOLOM%C3%89+DE+TIRAJANA
35016107,Latitud,27.7666232,"CartoCiudad (IGN), geocodificación por portal de la dirección de Directorio operativo de centros educativos",https://www.cartociudad.es/geocoder/api/geocoder/find?q=C%2F+TUNTE%2C+2%2C+SAN+BARTOLOM%C3%89+DE+TIRAJANA
35016107,Longitud,-15.5812443,"CartoCiudad (IGN), geocodificación por portal de la dirección de Directorio operativo de centros educativos",https://www.cartociudad.es/geocoder/api/geocoder/find?q=C%2F+TUNTE%2C+2%2C+SAN+BARTOLOM%C3%89+DE+TIRAJANA
35610118,Latitud,28.4368165,Coordenadas de la sede 35005808 CEIP POETA DOMINGO VELÁZQUEZ (Directorio operativo de centros educativos),https://www.gobiernodecanarias.org/educacion/centroseducativos/buscador-centros-openlayers/resultados/detalle?codigo=35610118
35610118,Longitud,-13.874336,Coordenadas de la sede 35005808 CEIP POETA DOMINGO VELÁZQUEZ (Directorio operativo de centros educativos),https://www.gobiernodecanarias.org/educacion/centroseducativos/buscador-centros-openlayers/resultados/detalle?codigo=35610118
35610121,Latitud,28.4386164,"CartoCiudad (IGN), geocodificación por vía, aproximada de la dirección de Directorio operativo de centros educativos",https://www.cartociudad.es/geocoder/api/geocoder/find?q=C%2F+EL+GRANZ%C3%93N%2C+S%2FN%2C+PUERTO+DEL+ROSARIO
35610121,Longitud,-13.8712244,"CartoCiudad (IGN), geocodificación por vía, aproximada de la dirección de Directorio operativo de centros educativos",https://www.cartociudad.es/geocoder/api/geocoder/find?q=C%2F+EL+GRANZ%C3%93N%2C+S%2FN%2C+PUERTO+DEL+ROSARIO
35610200,Latitud,28.218176,"CartoCiudad (IGN), geocodificación por vía, aproximada de la dirección de Directorio operativo de centros educativos",https://www.cartociudad.es/geocoder/api/geocoder/find?q=C%2F+DON+LUIS+EL+MAESTRO%2C+S%2FN+%28CENTRO+DE+MAYORES+DE+GRAN+TARAJAL%29%2C+TUINEJE
35610200,Longitud,-14.0224159,"CartoCiudad (IGN), geocodificación por vía, aproximada de la dirección de Directorio operativo de centros educativos",https://www.cartociudad.es/geocoder/api/geocoder/find?q=C%2F+DON+LUIS+EL+MAESTRO%2C+S%2FN+%28CENTRO+DE+MAYORES+DE+GRAN+TARAJAL%29%2C+TUINEJE
35610206,Latitud,28.1942967,Coordenadas de la sede 35006001 CEIP TARAJALEJO (Directorio operativo de centros educativos),https://www.gobiernodecanarias.org/educacion/centroseducativos/buscador-centros-openlayers/resultados/detalle?codigo=35610206
35610206,Longitud,-14.1153334,Coordenadas de la sede 35006001 CEIP TARAJALEJO (Directorio operativo de centros educativos),https://www.gobiernodecanarias.org/educacion/centroseducativos/buscador-centros-openlayers/resultados/detalle?codigo=35610206
35631105,Latitud,28.0120923,"CartoCiudad (IGN), geocodificación por portal de la dirección de Directorio operativo de centros educativos",https://www.cartociudad.es/geocoder/api/geocoder/find?q=C%2F+MESONERO+ROAMNO%2C+16%2C+TELDE
35631105,Longitud,-15.3942326,"CartoCiudad (IGN), geocodificación por portal de la dirección de Directorio operativo de centros educativos",https://www.cartociudad.es/geocoder/api/geocoder/find?q=C%2F+MESONERO+ROAMNO%2C+16%2C+TELDE
35631600,Latitud,27.883762,Coordenadas de la sede 35000835 CEO MOGÁN (Directorio operativo de centros educativos),https://www.gobiernodecanarias.org/educacion/centroseducativos/buscador-centros-openlayers/resultados/detalle?codigo=35631600
35631600,Longitud,-15.722457,Coordenadas de la sede 35000835 CEO MOGÁN (Directorio operativo de centros educativos),https://www.gobiernodecanarias.org/educacion/centroseducativos/buscador-centros-openlayers/resultados/detalle?codigo=35631600
35631601,Latitud,27.8221129,Coordenadas de la sede 35000860 CEIP PLAYA DE MOGÁN (Directorio operativo de centros educativos),https://www.gobiernodecanarias.org/educacion/centroseducativos/buscador-centros-openlayers/resultados/detalle?codigo=35631601
35631601,Longitud,-15.7620266,Coordenadas de la sede 35000860 CEIP PLAYA DE MOGÁN (Directorio operativo de centros educativos),https://www.gobiernodecanarias.org/educacion/centroseducativos/buscador-centros-openlayers/resultados/detalle?codigo=35631601
35631602,Latitud,27.7993192,"CartoCiudad (IGN), geocodificación por núcleo de población, aproximada de la dirección de Directorio operativo de centros educativos",https://www.cartociudad.es/geocoder/api/geocoder/find?q=MOTOR+GRANDE%2C+MOGAN
35631602,Longitud,-15.6975522,"CartoCiudad (IGN), geocodificación por núcleo de población, aproximada de la dirección de Directorio operativo de centros educativos",https://www.cartociudad.es/geocoder/api/geocoder/find?q=MOTOR+GRANDE%2C+MOGAN
35700043,Latitud,28.9680012,"Coordenadas de 35009723 EOI ARRECIFE, en la misma dirección (Consejería de Educación (web oficial))",https://www.gobiernodecanarias.org/educacion/web/centros/centros-profesorado/donde-estamos/index.html
35700043,Longitud,-13.5541525,"Coordenadas de 35009723 EOI ARRECIFE, en la misma dirección (Consejería de Educación (web oficial))",https://www.gobiernodecanarias.org/educacion/web/centros/centros-profesorado/donde-estamos/index.html
35700110,Latitud,28.5106074,"Coordenadas de 35008007 CEPA FUERTEVENTURA NORTE, en la misma dirección (Consejería de Educación (web oficial))",https://www.gobiernodecanarias.org/educacion/web/centros/centros-profesorado/donde-estamos/index.html
35700110,Longitud,-13.867822,"Coordenadas de 35008007 CEPA FUERTEVENTURA NORTE, en la misma dirección (Consejería de Educación (web oficial))",https://www.gobiernodecanarias.org/educacion/web/centros/centros-profesorado/donde-estamos/index.html
35700468,Latitud,28.097792,"CartoCiudad (IGN), geocodificación por portal de la dirección de Consejería de Educación (web oficial)",https://www.cartociudad.es/geocoder/api/geocoder/find?q=CALLE+PEDRO+SANZ+SAINZ+60%2C+LAS+PALMAS+DE+GRAN+CANARIA
35700468,Longitud,-15.4410357,"CartoCiudad (IGN), geocodificación por portal de la dirección de Consejería de Educación (web oficial)",https://www.cartociudad.es/geocoder/api/geocoder/find?q=CALLE+PEDRO+SANZ+SAINZ+60%2C+LAS+PALMAS+DE+GRAN+CANARIA
35700471,Latitud,28.1328345,"CartoCiudad (IGN), geocodificación por portal de la dirección de Consejería de Educación (web oficial)",https://www.cartociudad.es/geocoder/api/geocoder/find?q=PLAZA+DE+SAN+ISIDRO%2C+2%2C+G%C3%81LDAR
35700471,Longitud,-15.661136,"CartoCiudad (IGN), geocodificación por portal de la dirección de Consejería de Educación (web oficial)",https://www.cartociudad.es/geocoder/api/geocoder/find?q=PLAZA+DE+SAN+ISIDRO%2C+2%2C+G%C3%81LDAR
35702011,Latitud,28.128714,"CartoCiudad (IGN), geocodificación por portal de la dirección de BOC-A-2026-166-2986",https://www.cartociudad.es/geocoder/api/geocoder/find?q=C%2F+SANTA+CLARA%2C+1+%28CEIP+CAMBALUD%29%2C+FIRGAS
35702011,Longitud,-15.5469733,"CartoCiudad (IGN), geocodificación por portal de la dirección de BOC-A-2026-166-2986",https://www.cartociudad.es/geocoder/api/geocoder/find?q=C%2F+SANTA+CLARA%2C+1+%28CEIP+CAMBALUD%29%2C+FIRGAS
35702302,Latitud,28.094301,Coordenadas de la sede 35000719 CEIP SAUCILLO (BOC-A-2026-166-2986),https://www.gobiernodecanarias.org/boc/2026/166/2986.html
35702302,Longitud,-15.641488,Coordenadas de la sede 35000719 CEIP SAUCILLO (BOC-A-2026-166-2986),https://www.gobiernodecanarias.org/boc/2026/166/2986.html
35702341,Latitud,27.8701453,"CartoCiudad (IGN), geocodificación por vía, aproximada de la dirección de Consejería de Educación (web oficial)",https://www.cartociudad.es/geocoder/api/geocoder/find?q=C%2F+A%C3%91EPA%2C+S%2FN+%28POL%C3%8DGONO+RESIDENCIAL+DE+ARINAGA%29%2C+AG%C3%9CIMES
35702341,Longitud,-15.4236891,"CartoCiudad (IGN), geocodificación por vía, aproximada de la dirección de Consejería de Educación (web oficial)",https://www.cartociudad.es/geocoder/api/geocoder/find?q=C%2F+A%C3%91EPA%2C+S%2FN+%28POL%C3%8DGONO+RESIDENCIAL+DE+ARINAGA%29%2C+AG%C3%9CIMES
35702368,Latitud,28.0247673,Coordenadas de la sede 35006655 CEIP POETA MONTIANO PLACERES (Consejería de Educación (web oficial)),https://www.gobiernodecanarias.org/educacion/web/servicios/eoep/eoep_zona/eoep-zona-gran-canaria/
35702368,Longitud,-15.4043985,Coordenadas de la sede 35006655 CEIP POETA MONTIANO PLACERES (Consejería de Educación (web oficial)),https://www.gobiernodecanarias.org/educacion/web/servicios/eoep/eoep_zona/eoep-zona-gran-canaria/
35702370,Latitud,28.139765,Coordenadas de la sede 35008652 CEE MARENTE (Consejería de Educación (web oficial)),https://www.gobiernodecanarias.org/educacion/web/servicios/eoep/eoep_zona/eoep-zona-gran-canaria/
35702370,Longitud,-15.635287,Coordenadas de la sede 35008652 CEE MARENTE (Consejería de Educación (web oficial)),https://www.gobiernodecanarias.org/educacion/web/servicios/eoep/eoep_zona/eoep-zona-gran-canaria/
35702373,Latitud,27.765667,Coordenadas de la sede 35007787 CEIP LAS DUNAS (Consejería de Educación (web oficial)),https://www.gobiernodecanarias.org/educacion/web/servicios/eoep/eoep_zona/eoep-zona-gran-canaria/
35702373,Longitud,-15.5824872,Coordenadas de la sede 35007787 CEIP LAS DUNAS (Consejería de Educación (web oficial)),https://www.gobiernodecanarias.org/educacion/web/servicios/eoep/eoep_zona/eoep-zona-gran-canaria/
35702374,Latitud,27.9196207,"CartoCiudad (IGN), geocodificación por portal de la dirección de Consejería de Educación (web oficial)",https://www.cartociudad.es/geocoder/api/geocoder/find?q=C%2F+JUAN+NEGR%C3%8DN%2C+7%2C+INGENIO
35702374,Longitud,-15.4248927,"CartoCiudad (IGN), geocodificación por portal de la dirección de Consejería de Educación (web oficial)",https://www.cartociudad.es/geocoder/api/geocoder/find?q=C%2F+JUAN+NEGR%C3%8DN%2C+7%2C+INGENIO
35702375,Latitud,28.9703797,Coordenadas de la sede 35000215 CEIP TITERROY (Consejería de Educación (web oficial)),https://www.gobiernodecanarias.org/educacion/web/servicios/eoep/eoep_zona/eoep-zona-lanzarote/
35702375,Longitud,-13.5570404,Coordenadas de la sede 35000215 CEIP TITERROY (Consejería de Educación (web oficial)),https://www.gobiernodecanarias.org/educacion/web/servicios/eoep/eoep_zona/eoep-zona-lanzarote/
35702376,Latitud,28.5103825,Coordenadas de la sede 35008640 CEE PUERTO DEL ROSARIO (Consejería de Educación (web oficial)),https://www.gobiernodecanarias.org/educacion/web/servicios/eoep/eoep_zona/eoep-zona-fuerteventura/
35702376,Longitud,-13.8679327,Coordenadas de la sede 35008640 CEE PUERTO DEL ROSARIO (Consejería de Educación (web oficial)),https://www.gobiernodecanarias.org/educacion/web/servicios/eoep/eoep_zona/eoep-zona-fuerteventura/
35702378,Latitud,28.2200071,Coordenadas de la sede 35010610 IES VIGÁN (Consejería de Educación (web oficial)),https://www.gobiernodecanarias.org/educacion/web/servicios/eoep/eoep_zona/eoep-zona-fuerteventura/
35702378,Longitud,-14.0169185,Coordenadas de la sede 35010610 IES VIGÁN (Consejería de Educación (web oficial)),https://www.gobiernodecanarias.org/educacion/web/servicios/eoep/eoep_zona/eoep-zona-fuerteventura/
35702379,Latitud,27.9947471,Coordenadas de la sede 35004312 CEIP DOCTOR HERNÁNDEZ BENÍTEZ (Consejería de Educación (web oficial)),https://www.gobiernodecanarias.org/educacion/web/servicios/eoep/eoep_zona/eoep-zona-gran-canaria/
35702379,Longitud,-15.4272075,Coordenadas de la sede 35004312 CEIP DOCTOR HERNÁNDEZ BENÍTEZ (Consejería de Educación (web oficial)),https://www.gobiernodecanarias.org/educacion/web/servicios/eoep/eoep_zona/eoep-zona-gran-canaria/
35702381,Latitud,28.111065,Coordenadas de la sede 35000495 CEIP SANTIDAD (Consejería de Educación (web oficial)),https://www.gobiernodecanarias.org/educacion/web/servicios/eoep/eoep_zona/eoep-zona-gran-canaria/
35702381,Longitud,-15.5110629,Coordenadas de la sede 35000495 CEIP SANTIDAD (Consejería de Educación (web oficial)),https://www.gobiernodecanarias.org/educacion/web/servicios/eoep/eoep_zona/eoep-zona-gran-canaria/
35702384,Latitud,28.038438,"CartoCiudad (IGN), geocodificación por núcleo de población, aproximada de la dirección de Consejería de Educación (web oficial)",https://www.cartociudad.es/geocoder/api/geocoder/find?q=PLAZA+DO%C3%91A+LUISA%2C+SANTA+BRIGIDA
35702384,Longitud,-15.4866482,"CartoCiudad (IGN), geocodificación por núcleo de población, aproximada de la dirección de Consejería de Educación (web oficial)",https://www.cartociudad.es/geocoder/api/geocoder/find?q=PLAZA+DO%C3%91A+LUISA%2C+SANTA+BRIGIDA
35702652,Latitud,28.0858444,"CartoCiudad (IGN), geocodificación por portal de la dirección de Consejería de Educación (web oficial)",https://www.cartociudad.es/geocoder/api/geocoder/find?q=C%2F+PASEO+DE+SAN+JOS%C3%89%2C+290%2C+LAS+PALMAS+DE+GRAN+CANARIA
35702652,Longitud,-15.4193806,"CartoCiudad (IGN), geocodificación por portal de la dirección de Consejería de Educación (web oficial)",https://www.cartociudad.es/geocoder/api/geocoder/find?q=C%2F+PASEO+DE+SAN+JOS%C3%89%2C+290%2C+LAS+PALMAS+DE+GRAN+CANARIA
35702656,Latitud,28.1302436,Coordenadas de la sede 35007881 CEIP MESA Y LÓPEZ (Consejería de Educación (web oficial)),https://www.gobiernodecanarias.org/educacion/web/servicios/eoep/eoep_zona/eoep-zona-gran-canaria/
35702656,Longitud,-15.4385376,Coordenadas de la sede 35007881 CEIP MESA Y LÓPEZ (Consejería de Educación (web oficial)),https://www.gobiernodecanarias.org/educacion/web/servicios/eoep/eoep_zona/eoep-zona-gran-canaria/
35702657,Latitud,28.1156841,Coordenadas de la sede 35007684 CEIP NANDA CAMBRES (Consejería de Educación (web oficial)),https://www.gobiernodecanarias.org/educacion/web/servicios/eoep/eoep_zona/eoep-zona-gran-canaria/
35702657,Longitud,-15.4239625,Coordenadas de la sede 35007684 CEIP NANDA CAMBRES (Consejería de Educación (web oficial)),https://www.gobiernodecanarias.org/educacion/web/servicios/eoep/eoep_zona/eoep-zona-gran-canaria/
35702658,Latitud,28.0860607,Coordenadas de la sede 35014494 CEIP ALISIOS (Consejería de Educación (web oficial)),https://www.gobiernodecanarias.org/educacion/web/servicios/eoep/eoep_zona/eoep-zona-gran-canaria/
35702658,Longitud,-15.4201666,Coordenadas de la sede 35014494 CEIP ALISIOS (Consejería de Educación (web oficial)),https://www.gobiernodecanarias.org/educacion/web/servicios/eoep/eoep_zona/eoep-zona-gran-canaria/
35702659,Latitud,28.092535,"Coordenadas de 35016028 CEO EN LAS PALMAS DE GRAN CANARIA, en la misma dirección (Consejería de Educación (web oficial))",https://www.gobiernodecanarias.org/educacion/web/servicios/eoep/eoep_zona/eoep-zona-gran-canaria/
35702659,Longitud,-15.448522,"Coordenadas de 35016028 CEO EN LAS PALMAS DE GRAN CANARIA, en la misma dirección (Consejería de Educación (web oficial))",https://www.gobiernodecanarias.org/educacion/web/servicios/eoep/eoep_zona/eoep-zona-gran-canaria/
35702660,Latitud,28.1165157,Coordenadas de la sede 35007441 CEIP BUENAVISTA I (Consejería de Educación (web oficial)),https://www.gobiernodecanarias.org/educacion/web/servicios/eoep/eoep_zona/eoep-zona-gran-canaria/
35702660,Longitud,-15.44028,Coordenadas de la sede 35007441 CEIP BUENAVISTA I (Consejería de Educación (web oficial)),https://www.gobiernodecanarias.org/educacion/web/servicios/eoep/eoep_zona/eoep-zona-gran-canaria/
35702661,Latitud,28.1091792,Coordenadas de la sede 35008743 CEIP JOSÉ PÉREZ Y PÉREZ (Consejería de Educación (web oficial)),https://www.gobiernodecanarias.org/educacion/web/servicios/eoep/eoep_zona/eoep-zona-gran-canaria/
35702661,Longitud,-15.4464362,Coordenadas de la sede 35008743 CEIP JOSÉ PÉREZ Y PÉREZ (Consejería de Educación (web oficial)),https://www.gobiernodecanarias.org/educacion/web/servicios/eoep/eoep_zona/eoep-zona-gran-canaria/
35702662,Latitud,27.959858,Coordenadas de la sede 35005006 CEIP EL GORO (Consejería de Educación (web oficial)),https://www.gobiernodecanarias.org/educacion/web/servicios/eoep/eoep_zona/eoep-zona-gran-canaria/
35702662,Longitud,-15.396475,Coordenadas de la sede 35005006 CEIP EL GORO (Consejería de Educación (web oficial)),https://www.gobiernodecanarias.org/educacion/web/servicios/eoep/eoep_zona/eoep-zona-gran-canaria/
35702663,Latitud,27.8498262,Coordenadas de la sede 35004956 CEIP TAMARÁN (Consejería de Educación (web oficial)),https://www.gobiernodecanarias.org/educacion/web/servicios/eoep/eoep_zona/eoep-zona-gran-canaria/
35702663,Longitud,-15.4428697,Coordenadas de la sede 35004956 CEIP TAMARÁN (Consejería de Educación (web oficial)),https://www.gobiernodecanarias.org/educacion/web/servicios/eoep/eoep_zona/eoep-zona-gran-canaria/
35702664,Latitud,29.0601362,Coordenadas de la sede 35004211 CEIP DOCTOR ALFONSO SPÍNOLA (Consejería de Educación (web oficial)),https://www.gobiernodecanarias.org/educacion/web/servicios/eoep/eoep_zona/eoep-zona-lanzarote/
35702664,Longitud,-13.5577295,Coordenadas de la sede 35004211 CEIP DOCTOR ALFONSO SPÍNOLA (Consejería de Educación (web oficial)),https://www.gobiernodecanarias.org/educacion/web/servicios/eoep/eoep_zona/eoep-zona-lanzarote/
35703401,Latitud,27.906841,"CartoCiudad (IGN), geocodificación por portal de la dirección de BOC-A-2026-166-2986",https://www.cartociudad.es/geocoder/api/geocoder/find?q=CALLE+BARDINO+1%2C+AG%C3%9CIMES
35703401,Longitud,-15.4181936,"CartoCiudad (IGN), geocodificación por portal de la dirección de BOC-A-2026-166-2986",https://www.cartociudad.es/geocoder/api/geocoder/find?q=CALLE+BARDINO+1%2C+AG%C3%9CIMES
35703435,Latitud,28.1005371,"CartoCiudad (IGN), geocodificación por portal de la dirección de Consejería de Educación (web oficial)",https://www.cartociudad.es/geocoder/api/geocoder/find?q=CALLE+ALAMO+54%2C+LAS+PALMAS+DE+GRAN+CANARIA
35703435,Longitud,-15.420687,"CartoCiudad (IGN), geocodificación por portal de la dirección de Consejería de Educación (web oficial)",https://www.cartociudad.es/geocoder/api/geocoder/find?q=CALLE+ALAMO+54%2C+LAS+PALMAS+DE+GRAN+CANARIA
35703901,Latitud,28.1299495,Coordenadas de la sede 35006783 CEIP FRONTÓN (BOC-A-2026-166-2986),https://www.gobiernodecanarias.org/boc/2026/166/2986.html
35703901,Longitud,-15.5863322,Coordenadas de la sede 35006783 CEIP FRONTÓN (BOC-A-2026-166-2986),https://www.gobiernodecanarias.org/boc/2026/166/2986.html
35704333,Latitud,28.0860607,Coordenadas de la sede 35014494 CEIP ALISIOS (Consejería de Educación (web oficial)),https://www.gobiernodecanarias.org/educacion/web/servicios/eoep/eoep_especificos/trastornos-generalizados-del-desarrollo/
35704333,Longitud,-15.4201666,Coordenadas de la sede 35014494 CEIP ALISIOS (Consejería de Educación (web oficial)),https://www.gobiernodecanarias.org/educacion/web/servicios/eoep/eoep_especificos/trastornos-generalizados-del-desarrollo/
35704334,Latitud,28.155794,"Coordenadas de 35015607 EOI A DISTANCIA DE CANARIAS, en la misma dirección (Consejería de Educación (web oficial))",https://www.gobiernodecanarias.org/educacion/web/servicios/eoep/eoep_especificos/discapacidad-motora/
35704334,Longitud,-15.430899,"Coordenadas de 35015607 EOI A DISTANCIA DE CANARIAS, en la misma dirección (Consejería de Educación (web oficial))",https://www.gobiernodecanarias.org/educacion/web/servicios/eoep/eoep_especificos/discapacidad-motora/
35704601,Latitud,28.5290057,"CartoCiudad (IGN), geocodificación por núcleo de población, aproximada de la dirección de BOC-A-2026-166-2986",https://www.cartociudad.es/geocoder/api/geocoder/find?q=LOS+ESTANCOS%2C+PUERTO+DEL+ROSARIO
35704601,Longitud,-13.9113137,"CartoCiudad (IGN), geocodificación por núcleo de población, aproximada de la dirección de BOC-A-2026-166-2986",https://www.cartociudad.es/geocoder/api/geocoder/find?q=LOS+ESTANCOS%2C+PUERTO+DEL+ROSARIO
35705801,Latitud,28.027251,Coordenadas de la sede 35004750 CEIP LA SOLANA (BOC-A-2026-166-2986),https://www.gobiernodecanarias.org/boc/2026/166/2986.html
35705801,Longitud,-15.537321,Coordenadas de la sede 35004750 CEIP LA SOLANA (BOC-A-2026-166-2986),https://www.gobiernodecanarias.org/boc/2026/166/2986.html
35707201,Latitud,28.006703,"Coordenadas de 35009826 EOI TELDE, en la misma dirección (Consejería de Educación (web oficial))",https://www.gobiernodecanarias.org/educacion/web/centros/centros-profesorado/donde-estamos/index.html
35707201,Longitud,-15.385281,"Coordenadas de 35009826 EOI TELDE, en la misma dirección (Consejería de Educación (web oficial))",https://www.gobiernodecanarias.org/educacion/web/centros/centros-profesorado/donde-estamos/index.html
35707202,Latitud,28.0116789,"CartoCiudad (IGN), geocodificación por portal de la dirección de BOC-A-2026-166-2986",https://www.cartociudad.es/geocoder/api/geocoder/find?q=CTRA.+VALLE+SAN+ROQUE%2C+29+%28ANTIGUO+CEIP+LA+HIGUERA+CANARIA%29%2C+TELDE
35707202,Longitud,-15.4425864,"CartoCiudad (IGN), geocodificación por portal de la dirección de BOC-A-2026-166-2986",https://www.cartociudad.es/geocoder/api/geocoder/find?q=CTRA.+VALLE+SAN+ROQUE%2C+29+%28ANTIGUO+CEIP+LA+HIGUERA+CANARIA%29%2C+TELDE
35707601,Latitud,29.0172381,"CartoCiudad (IGN), geocodificación por núcleo de población, aproximada de la dirección de BOC-A-2026-166-2986",https://www.cartociudad.es/geocoder/api/geocoder/find?q=EL+ISLOTE%2C+SAN+BARTOLOME
35707601,Longitud,-13.6306156,"CartoCiudad (IGN), geocodificación por núcleo de población, aproximada de la dirección de BOC-A-2026-166-2986",https://www.cartociudad.es/geocoder/api/geocoder/find?q=EL+ISLOTE%2C+SAN+BARTOLOME
35707701,Latitud,28.2095787,"CartoCiudad (IGN), geocodificación por vía, aproximada de la dirección de Consejería de Educación (web oficial)",https://www.cartociudad.es/geocoder/api/geocoder/find?q=C%2F+MENORCA%2C+S%2FN%2C+TUINEJE
35707701,Longitud,-14.0272406,"CartoCiudad (IGN), geocodificación por vía, aproximada de la dirección de Consejería de Educación (web oficial)",https://www.cartociudad.es/geocoder/api/geocoder/find?q=C%2F+MENORCA%2C+S%2FN%2C+TUINEJE
35707702,Latitud,28.350957,Coordenadas de la sede 35005092 CEIP TISCAMANITA (BOC-A-2026-166-2986),https://www.gobiernodecanarias.org/boc/2026/166/2986.html
35707702,Longitud,-14.0371019,Coordenadas de la sede 35005092 CEIP TISCAMANITA (BOC-A-2026-166-2986),https://www.gobiernodecanarias.org/boc/2026/166/2986.html
35707712,Latitud,27.9224545,Coordenadas de la sede 35004932 CEIP TASARTE (BOC-A-2026-166-2986),https://www.gobiernodecanarias.org/boc/2026/166/2986.html
35707712,Longitud,-15.7583875,Coordenadas de la sede 35004932 CEIP TASARTE (BOC-A-2026-166-2986),https://www.gobiernodecanarias.org/boc/2026/166/2986.html
35707713,Latitud,28.0939259,Coordenadas de la sede 35006278 CEIP EL TOSCÓN (BOC-A-2026-166-2986),https://www.gobiernodecanarias.org/boc/2026/166/2986.html
35707713,Longitud,-15.4983543,Coordenadas de la sede 35006278 CEIP EL TOSCÓN (BOC-A-2026-166-2986),https://www.gobiernodecanarias.org/boc/2026/166/2986.html
38000378,FuenteZonaInspeccion,Directorio operativo de centros educativos,Directorio operativo de centros educativos,https://www.gobiernodecanarias.org/educacion/centroseducativos/buscador-centros-openlayers/resultados/detalle?codigo=38000378
38000378,ZonaInspeccionCodigo,728,Directorio operativo de centros educativos,https://www.gobiernodecanarias.org/educacion/centroseducativos/buscador-centros-openlayers/resultados/detalle?codigo=38000378
38000378,ZonaInspeccionNombre,TF0 - Provincia Santa Cruz de Tenerife,Directorio operativo de centros educativos,https://www.gobiernodecanarias.org/educacion/centroseducativos/buscador-centros-openlayers/resultados/detalle?codigo=38000378
38000408,FuenteZonaInspeccion,Directorio operativo de centros educativos,Directorio operativo de centros educativos,https://www.gobiernodecanarias.org/educacion/centroseducativos/buscador-centros-openlayers/resultados/detalle?codigo=38000408
38000408,ZonaInspeccionCodigo,728,Directorio operativo de centros educativos,https://www.gobiernodecanarias.org/educacion/centroseducativos/buscador-centros-openlayers/resultados/detalle?codigo=38000408
38000408,ZonaInspeccionNombre,TF0 - Provincia Santa Cruz de Tenerife,Directorio operativo de centros educativos,https://www.gobiernodecanarias.org/educacion/centroseducativos/buscador-centros-openlayers/resultados/detalle?codigo=38000408
38000421,FuenteZonaInspeccion,Directorio operativo de centros educativos,Directorio operativo de centros educativos,https://www.gobiernodecanarias.org/educacion/centroseducativos/buscador-centros-openlayers/resultados/detalle?codigo=38000421
38000421,ZonaInspeccionCodigo,725,Directorio operativo de centros educativos,https://www.gobiernodecanarias.org/educacion/centroseducativos/buscador-centros-openlayers/resultados/detalle?codigo=38000421
38000421,ZonaInspeccionNombre,TF0 - Provincia Santa Cruz de Tenerife,Directorio operativo de centros educativos,https://www.gobiernodecanarias.org/educacion/centroseducativos/buscador-centros-openlayers/resultados/detalle?codigo=38000421
38000469,FuenteZonaInspeccion,Directorio operativo de centros educativos,Directorio operativo de centros educativos,https://www.gobiernodecanarias.org/educacion/centroseducativos/buscador-centros-openlayers/resultados/detalle?codigo=38000469
38000469,ZonaInspeccionCodigo,728,Directorio operativo de centros educativos,https://www.gobiernodecanarias.org/educacion/centroseducativos/buscador-centros-openlayers/resultados/detalle?codigo=38000469
38000469,ZonaInspeccionNombre,TF0 - Provincia Santa Cruz de Tenerife,Directorio operativo de centros educativos,https://www.gobiernodecanarias.org/educacion/centroseducativos/buscador-centros-openlayers/resultados/detalle?codigo=38000469
38000792,Telefono,922-592605 y 922-760656,Directorio operativo de centros educativos,https://www.gobiernodecanarias.org/educacion/centroseducativos/buscador-centros-openlayers/resultados/detalle?codigo=38000792
38000871,FuenteZonaInspeccion,Directorio operativo de centros educativos,Directorio operativo de centros educativos,https://www.gobiernodecanarias.org/educacion/centroseducativos/buscador-centros-openlayers/resultados/detalle?codigo=38000871
38000871,ZonaInspeccionCodigo,722,Directorio operativo de centros educativos,https://www.gobiernodecanarias.org/educacion/centroseducativos/buscador-centros-openlayers/resultados/detalle?codigo=38000871
38000871,ZonaInspeccionNombre,TF0 - Provincia Santa Cruz de Tenerife,Directorio operativo de centros educativos,https://www.gobiernodecanarias.org/educacion/centroseducativos/buscador-centros-openlayers/resultados/detalle?codigo=38000871
38000986,Telefono,922-592196 y 922-592197,Directorio operativo de centros educativos,https://www.gobiernodecanarias.org/educacion/centroseducativos/buscador-centros-openlayers/resultados/detalle?codigo=38000986
38001267,PaginaWeb,https://www3.gobiernodecanarias.org/medusa/edublog/ceipcharcodelpino/,Directorio operativo de centros educativos,https://www.gobiernodecanarias.org/educacion/centroseducativos/buscador-centros-openlayers/resultados/detalle?codigo=38001267
38001425,FuenteZonaInspeccion,Directorio operativo de centros educativos,Directorio operativo de centros educativos,https://www.gobiernodecanarias.org/educacion/centroseducativos/buscador-centros-openlayers/resultados/detalle?codigo=38001425
38001425,ZonaInspeccionCodigo,702,Directorio operativo de centros educativos,https://www.gobiernodecanarias.org/educacion/centroseducativos/buscador-centros-openlayers/resultados/detalle?codigo=38001425
38001425,ZonaInspeccionNombre,TF0 - Provincia Santa Cruz de Tenerife,Directorio operativo de centros educativos,https://www.gobiernodecanarias.org/educacion/centroseducativos/buscador-centros-openlayers/resultados/detalle?codigo=38001425
38001553,PaginaWeb,https://www3.gobiernodecanarias.org/medusa/edublog/iesmanuelmartingonzalez/,Directorio operativo de centros educativos,https://www.gobiernodecanarias.org/educacion/centroseducativos/buscador-centros-openlayers/resultados/detalle?codigo=38001553
38003306,Telefono,822-171330,Directorio operativo de centros educativos,https://www.gobiernodecanarias.org/educacion/centroseducativos/buscador-centros-openlayers/resultados/detalle?codigo=38003306
38004086,FuenteZonaInspeccion,Directorio operativo de centros educativos,Directorio operativo de centros educativos,https://www.gobiernodecanarias.org/educacion/centroseducativos/buscador-centros-openlayers/resultados/detalle?codigo=38004086
38004086,ZonaInspeccionCodigo,601,Directorio operativo de centros educativos,https://www.gobiernodecanarias.org/educacion/centroseducativos/buscador-centros-openlayers/resultados/detalle?codigo=38004086
38004086,ZonaInspeccionNombre,TF0 - Provincia Santa Cruz de Tenerife,Directorio operativo de centros educativos,https://www.gobiernodecanarias.org/educacion/centroseducativos/buscador-centros-openlayers/resultados/detalle?codigo=38004086
38004098,FuenteZonaInspeccion,Directorio operativo de centros educativos,Directorio operativo de centros educativos,https://www.gobiernodecanarias.org/educacion/centroseducativos/buscador-centros-openlayers/resultados/detalle?codigo=38004098
38004098,ZonaInspeccionCodigo,601,Directorio operativo de centros educativos,https://www.gobiernodecanarias.org/educacion/centroseducativos/buscador-centros-openlayers/resultados/detalle?codigo=38004098
38004098,ZonaInspeccionNombre,TF0 - Provincia Santa Cruz de Tenerife,Directorio operativo de centros educativos,https://www.gobiernodecanarias.org/educacion/centroseducativos/buscador-centros-openlayers/resultados/detalle?codigo=38004098
38004131,FuenteZonaInspeccion,Directorio operativo de centros educativos,Directorio operativo de centros educativos,https://www.gobiernodecanarias.org/educacion/centroseducativos/buscador-centros-openlayers/resultados/detalle?codigo=38004131
38004131,ZonaInspeccionCodigo,601,Directorio operativo de centros educativos,https://www.gobiernodecanarias.org/educacion/centroseducativos/buscador-centros-openlayers/resultados/detalle?codigo=38004131
38004131,ZonaInspeccionNombre,TF0 - Provincia Santa Cruz de Tenerife,Directorio operativo de centros educativos,https://www.gobiernodecanarias.org/educacion/centroseducativos/buscador-centros-openlayers/resultados/detalle?codigo=38004131
38004773,FuenteZonaInspeccion,Directorio operativo de centros educativos,Directorio operativo de centros educativos,https://www.gobiernodecanarias.org/educacion/centroseducativos/buscador-centros-openlayers/resultados/detalle?codigo=38004773
38004773,ZonaInspeccionCodigo,728,Directorio operativo de centros educativos,https://www.gobiernodecanarias.org/educacion/centroseducativos/buscador-centros-openlayers/resultados/detalle?codigo=38004773
38004773,ZonaInspeccionNombre,TF0 - Provincia Santa Cruz de Tenerife,Directorio operativo de centros educativos,https://www.gobiernodecanarias.org/educacion/centroseducativos/buscador-centros-openlayers/resultados/detalle?codigo=38004773
38004840,FuenteZonaInspeccion,Directorio operativo de centros educativos,Directorio operativo de centros educativos,https://www.gobiernodecanarias.org/educacion/centroseducativos/buscador-centros-openlayers/resultados/detalle?codigo=38004840
38004840,ZonaInspeccionCodigo,728,Directorio operativo de centros educativos,https://www.gobiernodecanarias.org/educacion/centroseducativos/buscador-centros-openlayers/resultados/detalle?codigo=38004840
38004840,ZonaInspeccionNombre,TF0 - Provincia Santa Cruz de Tenerife,Directorio operativo de centros educativos,https://www.gobiernodecanarias.org/educacion/centroseducativos/buscador-centros-openlayers/resultados/detalle?codigo=38004840
38005111,FuenteZonaInspeccion,Directorio operativo de centros educativos,Directorio operativo de centros educativos,https://www.gobiernodecanarias.org/educacion/centroseducativos/buscador-centros-openlayers/resultados/detalle?codigo=38005111
38005111,ZonaInspeccionCodigo,601,Directorio operativo de centros educativos,https://www.gobiernodecanarias.org/educacion/centroseducativos/buscador-centros-openlayers/resultados/detalle?codigo=38005111
38005111,ZonaInspeccionNombre,TF0 - Provincia Santa Cruz de Tenerife,Directorio operativo de centros educativos,https://www.gobiernodecanarias.org/educacion/centroseducativos/buscador-centros-openlayers/resultados/detalle?codigo=38005111
38005704,FuenteZonaInspeccion,Directorio operativo de centros educativos,Directorio operativo de centros educativos,https://www.gobiernodecanarias.org/educacion/centroseducativos/buscador-centros-openlayers/resultados/detalle?codigo=38005704
38005704,ZonaInspeccionCodigo,717,Directorio operativo de centros educativos,https://www.gobiernodecanarias.org/educacion/centroseducativos/buscador-centros-openlayers/resultados/detalle?codigo=38005704
38005704,ZonaInspeccionNombre,TF0 - Provincia Santa Cruz de Tenerife,Directorio operativo de centros educativos,https://www.gobiernodecanarias.org/educacion/centroseducativos/buscador-centros-openlayers/resultados/detalle?codigo=38005704
38005716,FuenteZonaInspeccion,Directorio operativo de centros educativos,Directorio operativo de centros educativos,https://www.gobiernodecanarias.org/educacion/centroseducativos/buscador-centros-openlayers/resultados/detalle?codigo=38005716
38005716,ZonaInspeccionCodigo,717,Directorio operativo de centros educativos,https://www.gobiernodecanarias.org/educacion/centroseducativos/buscador-centros-openlayers/resultados/detalle?codigo=38005716
38005716,ZonaInspeccionNombre,TF0 - Provincia Santa Cruz de Tenerife,Directorio operativo de centros educativos,https://www.gobiernodecanarias.org/educacion/centroseducativos/buscador-centros-openlayers/resultados/detalle?codigo=38005716
38005731,FuenteZonaInspeccion,Directorio operativo de centros educativos,Directorio operativo de centros educativos,https://www.gobiernodecanarias.org/educacion/centroseducativos/buscador-centros-openlayers/resultados/detalle?codigo=38005731
38005731,ZonaInspeccionCodigo,717,Directorio operativo de centros educativos,https://www.gobiernodecanarias.org/educacion/centroseducativos/buscador-centros-openlayers/resultados/detalle?codigo=38005731
38005731,ZonaInspeccionNombre,TF0 - Provincia Santa Cruz de Tenerife,Directorio operativo de centros educativos,https://www.gobiernodecanarias.org/educacion/centroseducativos/buscador-centros-openlayers/resultados/detalle?codigo=38005731
38006289,FuenteZonaInspeccion,Directorio operativo de centros educativos,Directorio operativo de centros educativos,https://www.gobiernodecanarias.org/educacion/centroseducativos/buscador-centros-openlayers/resultados/detalle?codigo=38006289
38006289,ZonaInspeccionCodigo,711,Directorio operativo de centros educativos,https://www.gobiernodecanarias.org/educacion/centroseducativos/buscador-centros-openlayers/resultados/detalle?codigo=38006289
38006289,ZonaInspeccionNombre,TF0 - Provincia Santa Cruz de Tenerife,Directorio operativo de centros educativos,https://www.gobiernodecanarias.org/educacion/centroseducativos/buscador-centros-openlayers/resultados/detalle?codigo=38006289
38006381,FuenteZonaInspeccion,Directorio operativo de centros educativos,Directorio operativo de centros educativos,https://www.gobiernodecanarias.org/educacion/centroseducativos/buscador-centros-openlayers/resultados/detalle?codigo=38006381
38006381,ZonaInspeccionCodigo,711,Directorio operativo de centros educativos,https://www.gobiernodecanarias.org/educacion/centroseducativos/buscador-centros-openlayers/resultados/detalle?codigo=38006381
38006381,ZonaInspeccionNombre,TF0 - Provincia Santa Cruz de Tenerife,Directorio operativo de centros educativos,https://www.gobiernodecanarias.org/educacion/centroseducativos/buscador-centros-openlayers/resultados/detalle?codigo=38006381
38006952,FuenteZonaInspeccion,Directorio operativo de centros educativos,Directorio operativo de centros educativos,https://www.gobiernodecanarias.org/educacion/centroseducativos/buscador-centros-openlayers/resultados/detalle?codigo=38006952
38006952,ZonaInspeccionCodigo,707,Directorio operativo de centros educativos,https://www.gobiernodecanarias.org/educacion/centroseducativos/buscador-centros-openlayers/resultados/detalle?codigo=38006952
38006952,ZonaInspeccionNombre,TF0 - Provincia Santa Cruz de Tenerife,Directorio operativo de centros educativos,https://www.gobiernodecanarias.org/educacion/centroseducativos/buscador-centros-openlayers/resultados/detalle?codigo=38006952
38007762,FuenteZonaInspeccion,Directorio operativo de centros educativos,Directorio operativo de centros educativos,https://www.gobiernodecanarias.org/educacion/centroseducativos/buscador-centros-openlayers/resultados/detalle?codigo=38007762
38007762,ZonaInspeccionCodigo,728,Directorio operativo de centros educativos,https://www.gobiernodecanarias.org/educacion/centroseducativos/buscador-centros-openlayers/resultados/detalle?codigo=38007762
38007762,ZonaInspeccionNombre,TF0 - Provincia Santa Cruz de Tenerife,Directorio operativo de centros educativos,https://www.gobiernodecanarias.org/educacion/centroseducativos/buscador-centros-openlayers/resultados/detalle?codigo=38007762
38007981,FuenteZonaInspeccion,Directorio operativo de centros educativos,Directorio operativo de centros educativos,https://www.gobiernodecanarias.org/educacion/centroseducativos/buscador-centros-openlayers/resultados/detalle?codigo=38007981
38007981,ZonaInspeccionCodigo,711,Directorio operativo de centros educativos,https://www.gobiernodecanarias.org/educacion/centroseducativos/buscador-centros-openlayers/resultados/detalle?codigo=38007981
38007981,ZonaInspeccionNombre,TF0 - Provincia Santa Cruz de Tenerife,Directorio operativo de centros educativos,https://www.gobiernodecanarias.org/educacion/centroseducativos/buscador-centros-openlayers/resultados/detalle?codigo=38007981
38008781,FuenteZonaInspeccion,Directorio operativo de centros educativos,Directorio operativo de centros educativos,https://www.gobiernodecanarias.org/educacion/centroseducativos/buscador-centros-openlayers/resultados/detalle?codigo=38008781
38008781,ZonaInspeccionCodigo,728,Directorio operativo de centros educativos,https://www.gobiernodecanarias.org/educacion/centroseducativos/buscador-centros-openlayers/resultados/detalle?codigo=38008781
38008781,ZonaInspeccionNombre,TF0 - Provincia Santa Cruz de Tenerife,Directorio operativo de centros educativos,https://www.gobiernodecanarias.org/educacion/centroseducativos/buscador-centros-openlayers/resultados/detalle?codigo=38008781
38009059,FuenteZonaInspeccion,Directorio operativo de centros educativos,Directorio operativo de centros educativos,https://www.gobiernodecanarias.org/educacion/centroseducativos/buscador-centros-openlayers/resultados/detalle?codigo=38009059
38009059,ZonaInspeccionCodigo,722,Directorio operativo de centros educativos,https://www.gobiernodecanarias.org/educacion/centroseducativos/buscador-centros-openlayers/resultados/detalle?codigo=38009059
38009059,ZonaInspeccionNombre,TF0 - Provincia Santa Cruz de Tenerife,Directorio operativo de centros educativos,https://www.gobiernodecanarias.org/educacion/centroseducativos/buscador-centros-openlayers/resultados/detalle?codigo=38009059
38009965,FuenteZonaInspeccion,Directorio operativo de centros educativos,Directorio operativo de centros educativos,https://www.gobiernodecanarias.org/educacion/centroseducativos/buscador-centros-openlayers/resultados/detalle?codigo=38009965
38009965,ZonaInspeccionCodigo,728,Directorio operativo de centros educativos,https://www.gobiernodecanarias.org/educacion/centroseducativos/buscador-centros-openlayers/resultados/detalle?codigo=38009965
38009965,ZonaInspeccionNombre,TF0 - Provincia Santa Cruz de Tenerife,Directorio operativo de centros educativos,https://www.gobiernodecanarias.org/educacion/centroseducativos/buscador-centros-openlayers/resultados/detalle?codigo=38009965
38010384,FuenteZonaInspeccion,Directorio operativo de centros educativos,Directorio operativo de centros educativos,https://www.gobiernodecanarias.org/educacion/centroseducativos/buscador-centros-openlayers/resultados/detalle?codigo=38010384
38010384,ZonaInspeccionCodigo,725,Directorio operativo de centros educativos,https://www.gobiernodecanarias.org/educacion/centroseducativos/buscador-centros-openlayers/resultados/detalle?codigo=38010384
38010384,ZonaInspeccionNombre,TF0 - Provincia Santa Cruz de Tenerife,Directorio operativo de centros educativos,https://www.gobiernodecanarias.org/educacion/centroseducativos/buscador-centros-openlayers/resultados/detalle?codigo=38010384
38010505,FuenteZonaInspeccion,Directorio operativo de centros educativos,Directorio operativo de centros educativos,https://www.gobiernodecanarias.org/educacion/centroseducativos/buscador-centros-openlayers/resultados/detalle?codigo=38010505
38010505,ZonaInspeccionCodigo,726,Directorio operativo de centros educativos,https://www.gobiernodecanarias.org/educacion/centroseducativos/buscador-centros-openlayers/resultados/detalle?codigo=38010505
38010505,ZonaInspeccionNombre,TF0 - Provincia Santa Cruz de Tenerife,Directorio operativo de centros educativos,https://www.gobiernodecanarias.org/educacion/centroseducativos/buscador-centros-openlayers/resultados/detalle?codigo=38010505
38011030,FuenteZonaInspeccion,Directorio operativo de centros educativos,Directorio operativo de centros educativos,https://www.gobiernodecanarias.org/educacion/centroseducativos/buscador-centros-openlayers/resultados/detalle?codigo=38011030
38011030,ZonaInspeccionCodigo,725,Directorio operativo de centros educativos,https://www.gobiernodecanarias.org/educacion/centroseducativos/buscador-centros-openlayers/resultados/detalle?codigo=38011030
38011030,ZonaInspeccionNombre,TF0 - Provincia Santa Cruz de Tenerife,Directorio operativo de centros educativos,https://www.gobiernodecanarias.org/educacion/centroseducativos/buscador-centros-openlayers/resultados/detalle?codigo=38011030
38011042,FuenteZonaInspeccion,Directorio operativo de centros educativos,Directorio operativo de centros educativos,https://www.gobiernodecanarias.org/educacion/centroseducativos/buscador-centros-openlayers/resultados/detalle?codigo=38011042
38011042,ZonaInspeccionCodigo,724,Directorio operativo de centros educativos,https://www.gobiernodecanarias.org/educacion/centroseducativos/buscador-centros-openlayers/resultados/detalle?codigo=38011042
38011042,ZonaInspeccionNombre,TF0 - Provincia Santa Cruz de Tenerife,Directorio operativo de centros educativos,https://www.gobiernodecanarias.org/educacion/centroseducativos/buscador-centros-openlayers/resultados/detalle?codigo=38011042
38011108,Telefono,922-760423,Directorio operativo de centros educativos,https://www.gobiernodecanarias.org/educacion/centroseducativos/buscador-centros-openlayers/resultados/detalle?codigo=38011108
38011984,FuenteZonaInspeccion,Directorio operativo de centros educativos,Directorio operativo de centros educativos,https://www.gobiernodecanarias.org/educacion/centroseducativos/buscador-centros-openlayers/resultados/detalle?codigo=38011984
38011984,ZonaInspeccionCodigo,717,Directorio operativo de centros educativos,https://www.gobiernodecanarias.org/educacion/centroseducativos/buscador-centros-openlayers/resultados/detalle?codigo=38011984
38011984,ZonaInspeccionNombre,TF0 - Provincia Santa Cruz de Tenerife,Directorio operativo de centros educativos,https://www.gobiernodecanarias.org/educacion/centroseducativos/buscador-centros-openlayers/resultados/detalle?codigo=38011984
38012009,Telefono,922-760702,Directorio operativo de centros educativos,https://www.gobiernodecanarias.org/educacion/centroseducativos/buscador-centros-openlayers/resultados/detalle?codigo=38012009
38015217,FuenteZonaInspeccion,Directorio operativo de centros educativos,Directorio operativo de centros educativos,https://www.gobiernodecanarias.org/educacion/centroseducativos/buscador-centros-openlayers/resultados/detalle?codigo=38015217
38015217,ZonaInspeccionCodigo,728,Directorio operativo de centros educativos,https://www.gobiernodecanarias.org/educacion/centroseducativos/buscador-centros-openlayers/resultados/detalle?codigo=38015217
38015217,ZonaInspeccionNombre,TF0 - Provincia Santa Cruz de Tenerife,Directorio operativo de centros educativos,https://www.gobiernodecanarias.org/educacion/centroseducativos/buscador-centros-openlayers/resultados/detalle?codigo=38015217
38015254,FuenteZonaInspeccion,Directorio operativo de centros educativos,Directorio operativo de centros educativos,https://www.gobiernodecanarias.org/educacion/centroseducativos/buscador-centros-openlayers/resultados/detalle?codigo=38015254
38015254,ZonaInspeccionCodigo,728,Directorio operativo de centros educativos,https://www.gobiernodecanarias.org/educacion/centroseducativos/buscador-centros-openlayers/resultados/detalle?codigo=38015254
38015254,ZonaInspeccionNombre,TF0 - Provincia Santa Cruz de Tenerife,Directorio operativo de centros educativos,https://www.gobiernodecanarias.org/educacion/centroseducativos/buscador-centros-openlayers/resultados/detalle?codigo=38015254
38015333,FuenteZonaInspeccion,Directorio operativo de centros educativos,Directorio operativo de centros educativos,https://www.gobiernodecanarias.org/educacion/centroseducativos/buscador-centros-openlayers/resultados/detalle?codigo=38015333
38015333,ZonaInspeccionCodigo,726,Directorio operativo de centros educativos,https://www.gobiernodecanarias.org/educacion/centroseducativos/buscador-centros-openlayers/resultados/detalle?codigo=38015333
38015333,ZonaInspeccionNombre,TF0 - Provincia Santa Cruz de Tenerife,Directorio operativo de centros educativos,https://www.gobiernodecanarias.org/educacion/centroseducativos/buscador-centros-openlayers/resultados/detalle?codigo=38015333
38015382,FuenteZonaInspeccion,Directorio operativo de centros educativos,Directorio operativo de centros educativos,https://www.gobiernodecanarias.org/educacion/centroseducativos/buscador-centros-openlayers/resultados/detalle?codigo=38015382
38015382,ZonaInspeccionCodigo,725,Directorio operativo de centros educativos,https://www.gobiernodecanarias.org/educacion/centroseducativos/buscador-centros-openlayers/resultados/detalle?codigo=38015382
38015382,ZonaInspeccionNombre,TF0 - Provincia Santa Cruz de Tenerife,Directorio operativo de centros educativos,https://www.gobiernodecanarias.org/educacion/centroseducativos/buscador-centros-openlayers/resultados/detalle?codigo=38015382
38015461,FuenteZonaInspeccion,Directorio operativo de centros educativos,Directorio operativo de centros educativos,https://www.gobiernodecanarias.org/educacion/centroseducativos/buscador-centros-openlayers/resultados/detalle?codigo=38015461
38015461,ZonaInspeccionCodigo,728,Directorio operativo de centros educativos,https://www.gobiernodecanarias.org/educacion/centroseducativos/buscador-centros-openlayers/resultados/detalle?codigo=38015461
38015461,ZonaInspeccionNombre,TF0 - Provincia Santa Cruz de Tenerife,Directorio operativo de centros educativos,https://www.gobiernodecanarias.org/educacion/centroseducativos/buscador-centros-openlayers/resultados/detalle?codigo=38015461
38015761,FuenteZonaInspeccion,Directorio operativo de centros educativos,Directorio operativo de centros educativos,https://www.gobiernodecanarias.org/educacion/centroseducativos/buscador-centros-openlayers/resultados/detalle?codigo=38015761
38015761,ZonaInspeccionCodigo,709,Directorio operativo de centros educativos,https://www.gobiernodecanarias.org/educacion/centroseducativos/buscador-centros-openlayers/resultados/detalle?codigo=38015761
38015761,ZonaInspeccionNombre,TF0 - Provincia Santa Cruz de Tenerife,Directorio operativo de centros educativos,https://www.gobiernodecanarias.org/educacion/centroseducativos/buscador-centros-openlayers/resultados/detalle?codigo=38015761
38016180,CorreoElectronico,direccion@centroinfantilhigopico.es,Directorio operativo de centros educativos,https://www.gobiernodecanarias.org/educacion/centroseducativos/buscador-centros-openlayers/resultados/detalle?codigo=38016180
38016180,Telefono,646-957233,Directorio operativo de centros educativos,https://www.gobiernodecanarias.org/educacion/centroseducativos/buscador-centros-openlayers/resultados/detalle?codigo=38016180
38016660,FuenteZonaInspeccion,Directorio operativo de centros educativos,Directorio operativo de centros educativos,https://www.gobiernodecanarias.org/educacion/centroseducativos/buscador-centros-openlayers/resultados/detalle?codigo=38016660
38016660,ZonaInspeccionCodigo,728,Directorio operativo de centros educativos,https://www.gobiernodecanarias.org/educacion/centroseducativos/buscador-centros-openlayers/resultados/detalle?codigo=38016660
38016660,ZonaInspeccionNombre,TF0 - Provincia Santa Cruz de Tenerife,Directorio operativo de centros educativos,https://www.gobiernodecanarias.org/educacion/centroseducativos/buscador-centros-openlayers/resultados/detalle?codigo=38016660
38016672,Longitud,-16.275,Directorio operativo de centros educativos,https://www.gobiernodecanarias.org/educacion/centroseducativos/buscador-centros-openlayers/resultados/detalle?codigo=38016672
38016763,FuenteZonaInspeccion,Directorio operativo de centros educativos,Directorio operativo de centros educativos,https://www.gobiernodecanarias.org/educacion/centroseducativos/buscador-centros-openlayers/resultados/detalle?codigo=38016763
38016763,ZonaInspeccionCodigo,725,Directorio operativo de centros educativos,https://www.gobiernodecanarias.org/educacion/centroseducativos/buscador-centros-openlayers/resultados/detalle?codigo=38016763
38016763,ZonaInspeccionNombre,TF0 - Provincia Santa Cruz de Tenerife,Directorio operativo de centros educativos,https://www.gobiernodecanarias.org/educacion/centroseducativos/buscador-centros-openlayers/resultados/detalle?codigo=38016763
38016866,CorreoElectronico,direccion@centroinfantilhigopico.es,Directorio operativo de centros educativos,https://www.gobiernodecanarias.org/educacion/centroseducativos/buscador-centros-openlayers/resultados/detalle?codigo=38016866
38016866,Telefono,646-957233,Directorio operativo de centros educativos,https://www.gobiernodecanarias.org/educacion/centroseducativos/buscador-centros-openlayers/resultados/detalle?codigo=38016866
38016994,FuenteZonaInspeccion,Directorio operativo de centros educativos,Directorio operativo de centros educativos,https://www.gobiernodecanarias.org/educacion/centroseducativos/buscador-centros-openlayers/resultados/detalle?codigo=38016994
38016994,ZonaInspeccionCodigo,723,Directorio operativo de centros educativos,https://www.gobiernodecanarias.org/educacion/centroseducativos/buscador-centros-openlayers/resultados/detalle?codigo=38016994
38016994,ZonaInspeccionNombre,TF0 - Provincia Santa Cruz de Tenerife,Directorio operativo de centros educativos,https://www.gobiernodecanarias.org/educacion/centroseducativos/buscador-centros-openlayers/resultados/detalle?codigo=38016994
38017056,FuenteZonaInspeccion,Directorio operativo de centros educativos,Directorio operativo de centros educativos,https://www.gobiernodecanarias.org/educacion/centroseducativos/buscador-centros-openlayers/resultados/detalle?codigo=38017056
38017056,ZonaInspeccionCodigo,722,Directorio operativo de centros educativos,https://www.gobiernodecanarias.org/educacion/centroseducativos/buscador-centros-openlayers/resultados/detalle?codigo=38017056
38017056,ZonaInspeccionNombre,TF0 - Provincia Santa Cruz de Tenerife,Directorio operativo de centros educativos,https://www.gobiernodecanarias.org/educacion/centroseducativos/buscador-centros-openlayers/resultados/detalle?codigo=38017056
38017241,PaginaWeb,https://eutur.es/,Directorio operativo de centros educativos,https://www.gobiernodecanarias.org/educacion/centroseducativos/buscador-centros-openlayers/resultados/detalle?codigo=38017241
38017500,Telefono,646-957233,Directorio operativo de centros educativos,https://www.gobiernodecanarias.org/educacion/centroseducativos/buscador-centros-openlayers/resultados/detalle?codigo=38017500
38017561,PaginaWeb,https://www3.gobiernodecanarias.org/medusa/edublog/cifpvirgendelasnieves/,Directorio operativo de centros educativos,https://www.gobiernodecanarias.org/educacion/centroseducativos/buscador-centros-openlayers/resultados/detalle?codigo=38017561
38017573,Telefono,922-478824,Directorio operativo de centros educativos,https://www.gobiernodecanarias.org/educacion/centroseducativos/buscador-centros-openlayers/resultados/detalle?codigo=38017573
38017615,FuenteZonaInspeccion,Directorio operativo de centros educativos,Directorio operativo de centros educativos,https://www.gobiernodecanarias.org/educacion/centroseducativos/buscador-centros-openlayers/resultados/detalle?codigo=38017615
38017615,ZonaInspeccionCodigo,710,Directorio operativo de centros educativos,https://www.gobiernodecanarias.org/educacion/centroseducativos/buscador-centros-openlayers/resultados/detalle?codigo=38017615
38017615,ZonaInspeccionNombre,TF0 - Provincia Santa Cruz de Tenerife,Directorio operativo de centros educativos,https://www.gobiernodecanarias.org/educacion/centroseducativos/buscador-centros-openlayers/resultados/detalle?codigo=38017615
38017627,FuenteZonaInspeccion,Directorio operativo de centros educativos,Directorio operativo de centros educativos,https://www.gobiernodecanarias.org/educacion/centroseducativos/buscador-centros-openlayers/resultados/detalle?codigo=38017627
38017627,ZonaInspeccionCodigo,703,Directorio operativo de centros educativos,https://www.gobiernodecanarias.org/educacion/centroseducativos/buscador-centros-openlayers/resultados/detalle?codigo=38017627
38017627,ZonaInspeccionNombre,TF0 - Provincia Santa Cruz de Tenerife,Directorio operativo de centros educativos,https://www.gobiernodecanarias.org/educacion/centroseducativos/buscador-centros-openlayers/resultados/detalle?codigo=38017627
38017640,FuenteZonaInspeccion,Directorio operativo de centros educativos,Directorio operativo de centros educativos,https://www.gobiernodecanarias.org/educacion/centroseducativos/buscador-centros-openlayers/resultados/detalle?codigo=38017640
38017640,ZonaInspeccionCodigo,702,Directorio operativo de centros educativos,https://www.gobiernodecanarias.org/educacion/centroseducativos/buscador-centros-openlayers/resultados/detalle?codigo=38017640
38017640,ZonaInspeccionNombre,TF0 - Provincia Santa Cruz de Tenerife,Directorio operativo de centros educativos,https://www.gobiernodecanarias.org/educacion/centroseducativos/buscador-centros-openlayers/resultados/detalle?codigo=38017640
38017652,FuenteZonaInspeccion,Directorio operativo de centros educativos,Directorio operativo de centros educativos,https://www.gobiernodecanarias.org/educacion/centroseducativos/buscador-centros-openlayers/resultados/detalle?codigo=38017652
38017652,Telefono,922-951624,Directorio operativo de centros educativos,https://www.gobiernodecanarias.org/educacion/centroseducativos/buscador-centros-openlayers/resultados/detalle?codigo=38017652
38017652,ZonaInspeccionCodigo,726,Directorio operativo de centros educativos,https://www.gobiernodecanarias.org/educacion/centroseducativos/buscador-centros-openlayers/resultados/detalle?codigo=38017652
38017652,ZonaInspeccionNombre,TF0 - Provincia Santa Cruz de Tenerife,Directorio operativo de centros educativos,https://www.gobiernodecanarias.org/educacion/centroseducativos/buscador-centros-openlayers/resultados/detalle?codigo=38017652
38017664,FuenteZonaInspeccion,Directorio operativo de centros educativos,Directorio operativo de centros educativos,https://www.gobiernodecanarias.org/educacion/centroseducativos/buscador-centros-openlayers/resultados/detalle?codigo=38017664
38017664,ZonaInspeccionCodigo,401,Directorio operativo de centros educativos,https://www.gobiernodecanarias.org/educacion/centroseducativos/buscador-centros-openlayers/resultados/detalle?codigo=38017664
38017664,ZonaInspeccionNombre,TF0 - Provincia Santa Cruz de Tenerife,Directorio operativo de centros educativos,https://www.gobiernodecanarias.org/educacion/centroseducativos/buscador-centros-openlayers/resultados/detalle?codigo=38017664
38017676,FuenteZonaInspeccion,Directorio operativo de centros educativos,Directorio operativo de centros educativos,https://www.gobiernodecanarias.org/educacion/centroseducativos/buscador-centros-openlayers/resultados/detalle?codigo=38017676
38017676,ZonaInspeccionCodigo,501,Directorio operativo de centros educativos,https://www.gobiernodecanarias.org/educacion/centroseducativos/buscador-centros-openlayers/resultados/detalle?codigo=38017676
38017676,ZonaInspeccionNombre,TF0 - Provincia Santa Cruz de Tenerife,Directorio operativo de centros educativos,https://www.gobiernodecanarias.org/educacion/centroseducativos/buscador-centros-openlayers/resultados/detalle?codigo=38017676
38017688,FuenteZonaInspeccion,Directorio operativo de centros educativos,Directorio operativo de centros educativos,https://www.gobiernodecanarias.org/educacion/centroseducativos/buscador-centros-openlayers/resultados/detalle?codigo=38017688
38017688,ZonaInspeccionCodigo,728,Directorio operativo de centros educativos,https://www.gobiernodecanarias.org/educacion/centroseducativos/buscador-centros-openlayers/resultados/detalle?codigo=38017688
38017688,ZonaInspeccionNombre,TF0 - Provincia Santa Cruz de Tenerife,Directorio operativo de centros educativos,https://www.gobiernodecanarias.org/educacion/centroseducativos/buscador-centros-openlayers/resultados/detalle?codigo=38017688
38017691,FuenteZonaInspeccion,Directorio operativo de centros educativos,Directorio operativo de centros educativos,https://www.gobiernodecanarias.org/educacion/centroseducativos/buscador-centros-openlayers/resultados/detalle?codigo=38017691
38017691,ZonaInspeccionCodigo,715,Directorio operativo de centros educativos,https://www.gobiernodecanarias.org/educacion/centroseducativos/buscador-centros-openlayers/resultados/detalle?codigo=38017691
38017691,ZonaInspeccionNombre,TF0 - Provincia Santa Cruz de Tenerife,Directorio operativo de centros educativos,https://www.gobiernodecanarias.org/educacion/centroseducativos/buscador-centros-openlayers/resultados/detalle?codigo=38017691
38017706,Latitud,28.2956515,"CartoCiudad (IGN), geocodificación por núcleo de población, aproximada de la dirección de Directorio operativo de centros educativos",https://www.cartociudad.es/geocoder/api/geocoder/find?q=SANTIAGO+DEL+TEIDE%2C+SANTIAGO+DEL+TEIDE
38017706,Longitud,-16.8148959,"CartoCiudad (IGN), geocodificación por núcleo de población, aproximada de la dirección de Directorio operativo de centros educativos",https://www.cartociudad.es/geocoder/api/geocoder/find?q=SANTIAGO+DEL+TEIDE%2C+SANTIAGO+DEL+TEIDE
38017731,Concierto,Público,Directorio operativo de centros educativos,https://www.gobiernodecanarias.org/educacion/centroseducativos/buscador-centros-openlayers/resultados/detalle?codigo=38017731
38017731,FuenteZonaInspeccion,Directorio operativo de centros educativos,Directorio operativo de centros educativos,https://www.gobiernodecanarias.org/educacion/centroseducativos/buscador-centros-openlayers/resultados/detalle?codigo=38017731
38017731,ZonaInspeccionCodigo,702,Directorio operativo de centros educativos,https://www.gobiernodecanarias.org/educacion/centroseducativos/buscador-centros-openlayers/resultados/detalle?codigo=38017731
38017731,ZonaInspeccionNombre,TF0 - Provincia Santa Cruz de Tenerife,Directorio operativo de centros educativos,https://www.gobiernodecanarias.org/educacion/centroseducativos/buscador-centros-openlayers/resultados/detalle?codigo=38017731
38017743,Latitud,28.6389075,"CartoCiudad (IGN), geocodificación por vía, aproximada de la dirección de Directorio operativo de centros educativos",https://www.cartociudad.es/geocoder/api/geocoder/find?q=C%2F+PRIMERO+DE+MAYO%2C+S%2FN%2C+TAZACORTE
38017743,Longitud,-17.9327317,"CartoCiudad (IGN), geocodificación por vía, aproximada de la dirección de Directorio operativo de centros educativos",https://www.cartociudad.es/geocoder/api/geocoder/find?q=C%2F+PRIMERO+DE+MAYO%2C+S%2FN%2C+TAZACORTE
38640105,Latitud,28.0901034,"CartoCiudad (IGN), geocodificación por portal de la dirección de Directorio operativo de centros educativos",https://www.cartociudad.es/geocoder/api/geocoder/find?q=PLAZA+DE+LAS+AMERICAS+2%2C+SAN+SEBASTIAN+DE+LA+GOMERA
38640105,Longitud,-17.1094347,"CartoCiudad (IGN), geocodificación por portal de la dirección de Directorio operativo de centros educativos",https://www.cartociudad.es/geocoder/api/geocoder/find?q=PLAZA+DE+LAS+AMERICAS+2%2C+SAN+SEBASTIAN+DE+LA+GOMERA
38640113,Latitud,28.1883138,"CartoCiudad (IGN), geocodificación por vía, aproximada de la dirección de Directorio operativo de centros educativos",https://www.cartociudad.es/geocoder/api/geocoder/find?q=C%2F+LA+VEGUETA%2C+S%2FN%2C+VALLEHERMOSO
38640113,Longitud,-17.2635032,"CartoCiudad (IGN), geocodificación por vía, aproximada de la dirección de Directorio operativo de centros educativos",https://www.cartociudad.es/geocoder/api/geocoder/find?q=C%2F+LA+VEGUETA%2C+S%2FN%2C+VALLEHERMOSO
38640115,CentroCepaAlQuePertenece,38009618 - CEPA LA GOMERA,Directorio operativo de centros educativos,https://www.gobiernodecanarias.org/educacion/centroseducativos/buscador-centros-openlayers/resultados/detalle?codigo=38640115
38640115,CorreoElectronico,38009618@gobiernodecanarias.org,Directorio operativo de centros educativos,https://www.gobiernodecanarias.org/educacion/centroseducativos/buscador-centros-openlayers/resultados/detalle?codigo=38640115
38640115,Fax,922-592719,Directorio operativo de centros educativos,https://www.gobiernodecanarias.org/educacion/centroseducativos/buscador-centros-openlayers/resultados/detalle?codigo=38640115
38640115,PaginaWeb,http://www3.gobiernodecanarias.org/medusa/edublog/cepalagomera,Directorio operativo de centros educativos,https://www.gobiernodecanarias.org/educacion/centroseducativos/buscador-centros-openlayers/resultados/detalle?codigo=38640115
38640115,Telefono,922-592717 y 922-592718,Directorio operativo de centros educativos,https://www.gobiernodecanarias.org/educacion/centroseducativos/buscador-centros-openlayers/resultados/detalle?codigo=38640115
38660108,Latitud,28.8054497,"OpenStreetMap (Nominatim), geocodificación de la vía, aproximada (Directorio operativo de centros educativos)",https://nominatim.openstreetmap.org/search?q=Calle+Vicente+San+Juan%2C+San+Andr%C3%A9s+y+Sauces&format=json
38660108,Longitud,-17.7731222,"OpenStreetMap (Nominatim), geocodificación de la vía, aproximada (Directorio operativo de centros educativos)",https://nominatim.openstreetmap.org/search?q=Calle+Vicente+San+Juan%2C+San+Andr%C3%A9s+y+Sauces&format=json
38670325,Latitud,28.4210899,"CartoCiudad (IGN), geocodificación por portal de la dirección de Directorio operativo de centros educativos",https://www.cartociudad.es/geocoder/api/geocoder/find?q=CAMINO+ANTIGUO+4%2C+SANTA+URSULA
38670325,Longitud,-16.5010377,"CartoCiudad (IGN), geocodificación por portal de la dirección de Directorio operativo de centros educativos",https://www.cartociudad.es/geocoder/api/geocoder/find?q=CAMINO+ANTIGUO+4%2C+SANTA+URSULA
38670705,Latitud,28.4581326,"CartoCiudad (IGN), geocodificación por vía, aproximada de la dirección de Directorio operativo de centros educativos",https://www.cartociudad.es/geocoder/api/geocoder/find?q=AVDA+ALCALDE+GARC%C3%8DA+RAMOS%2C+S%2FN%2C+SANTA+CRUZ+DE+TENERIFE
38670705,Longitud,-16.2686418,"CartoCiudad (IGN), geocodificación por vía, aproximada de la dirección de Directorio operativo de centros educativos",https://www.cartociudad.es/geocoder/api/geocoder/find?q=AVDA+ALCALDE+GARC%C3%8DA+RAMOS%2C+S%2FN%2C+SANTA+CRUZ+DE+TENERIFE
38670707,Latitud,28.4527922,"CartoCiudad (IGN), geocodificación por portal de la dirección de Directorio operativo de centros educativos",https://www.cartociudad.es/geocoder/api/geocoder/find?q=C%2F+PEDRO+DOBLADO+CLAVERIE%2C+34+%28AULA+ACOGIDA+PROYECTO+HOMBRE%29%2C+SANTA+CRUZ+DE+TENERIFE
38670707,Longitud,-16.2835617,"CartoCiudad (IGN), geocodificación por portal de la dirección de Directorio operativo de centros educativos",https://www.cartociudad.es/geocoder/api/geocoder/find?q=C%2F+PEDRO+DOBLADO+CLAVERIE%2C+34+%28AULA+ACOGIDA+PROYECTO+HOMBRE%29%2C+SANTA+CRUZ+DE+TENERIFE
38670715,Latitud,28.4568547,Coordenadas de la sede 38004384 CEO LEONCIO RODRÍGUEZ (Directorio operativo de centros educativos),https://www.gobiernodecanarias.org/educacion/centroseducativos/buscador-centros-openlayers/resultados/detalle?codigo=38670715
38670715,Longitud,-16.3639279,Coordenadas de la sede 38004384 CEO LEONCIO RODRÍGUEZ (Directorio operativo de centros educativos),https://www.gobiernodecanarias.org/educacion/centroseducativos/buscador-centros-openlayers/resultados/detalle?codigo=38670715
38670937,Latitud,28.119905,"CartoCiudad (IGN), geocodificación por vía, aproximada de la dirección de Directorio operativo de centros educativos",https://www.cartociudad.es/geocoder/api/geocoder/find?q=CALLE+BENEARO%2C+ADEJE
38670937,Longitud,-16.7372648,"CartoCiudad (IGN), geocodificación por vía, aproximada de la dirección de Directorio operativo de centros educativos",https://www.cartociudad.es/geocoder/api/geocoder/find?q=CALLE+BENEARO%2C+ADEJE
38700050,Latitud,28.4800944,"Cabildo de Tenerife, Centros educativos y culturales en Tenerife",https://datos.tenerife.es/ckan/dataset/573a49e8-e2fb-4fe4-b47b-ac5dec1bf580
38700050,Longitud,-16.314644,"Cabildo de Tenerife, Centros educativos y culturales en Tenerife",https://datos.tenerife.es/ckan/dataset/573a49e8-e2fb-4fe4-b47b-ac5dec1bf580
38700140,Latitud,27.8133536,"Coordenadas de 38011017 EOI VALVERDE, en la misma dirección (Consejería de Educación (web oficial))",https://www.gobiernodecanarias.org/educacion/web/centros/centros-profesorado/donde-estamos/centro-del-profesorado-de-el-hierro/index.html
38700140,Longitud,-17.9158794,"Coordenadas de 38011017 EOI VALVERDE, en la misma dirección (Consejería de Educación (web oficial))",https://www.gobiernodecanarias.org/educacion/web/centros/centros-profesorado/donde-estamos/centro-del-profesorado-de-el-hierro/index.html
38700388,Latitud,28.0801349,"Cabildo de Tenerife, Centros educativos y culturales en Tenerife",https://datos.tenerife.es/ckan/dataset/573a49e8-e2fb-4fe4-b47b-ac5dec1bf580
38700388,Longitud,-16.5601717,"Cabildo de Tenerife, Centros educativos y culturales en Tenerife",https://datos.tenerife.es/ckan/dataset/573a49e8-e2fb-4fe4-b47b-ac5dec1bf580
38700391,Latitud,28.385173,"Cabildo de Tenerife, Centros educativos y culturales en Tenerife",https://datos.tenerife.es/ckan/dataset/573a49e8-e2fb-4fe4-b47b-ac5dec1bf580
38700391,Longitud,-16.5846872,"Cabildo de Tenerife, Centros educativos y culturales en Tenerife",https://datos.tenerife.es/ckan/dataset/573a49e8-e2fb-4fe4-b47b-ac5dec1bf580
38700406,Latitud,28.6886383,"CartoCiudad (IGN), geocodificación por vía, aproximada de la dirección de Consejería de Educación (web oficial)",https://www.cartociudad.es/geocoder/api/geocoder/find?q=CAMINO+VELACHERO%2C+S%2FN%2C+SANTA+CRUZ+DE+LA+PALMA
38700406,Longitud,-17.7666593,"CartoCiudad (IGN), geocodificación por vía, aproximada de la dirección de Consejería de Educación (web oficial)",https://www.cartociudad.es/geocoder/api/geocoder/find?q=CAMINO+VELACHERO%2C+S%2FN%2C+SANTA+CRUZ+DE+LA+PALMA
38701301,Latitud,28.8225097,Coordenadas de la sede 38000512 CEIP LA CUESTA (BOC-A-2026-166-2986),https://www.gobiernodecanarias.org/boc/2026/166/2986.html
38701301,Longitud,-17.7828149,Coordenadas de la sede 38000512 CEIP LA CUESTA (BOC-A-2026-166-2986),https://www.gobiernodecanarias.org/boc/2026/166/2986.html
38701501,Latitud,28.6605409,"CartoCiudad (IGN), geocodificación por vía, aproximada de la dirección de BOC-A-2026-166-2986",https://www.cartociudad.es/geocoder/api/geocoder/find?q=CALLE+MANUEL+BETHENCOURT+MORALES+44%2C+BRE%C3%91A+BAJA
38701501,Longitud,-17.764628,"CartoCiudad (IGN), geocodificación por vía, aproximada de la dirección de BOC-A-2026-166-2986",https://www.cartociudad.es/geocoder/api/geocoder/find?q=CALLE+MANUEL+BETHENCOURT+MORALES+44%2C+BRE%C3%91A+BAJA
38702201,Latitud,28.5812118,Coordenadas de la sede 38010268 CEIP LA SABINA (BOC-A-2026-166-2986),https://www.gobiernodecanarias.org/boc/2026/166/2986.html
38702201,Longitud,-17.7836002,Coordenadas de la sede 38010268 CEIP LA SABINA (BOC-A-2026-166-2986),https://www.gobiernodecanarias.org/boc/2026/166/2986.html
38702511,Latitud,28.4886628,Coordenadas de la sede 38006289 CEIP MARÍA ISABEL SARMIENTO (Consejería de Educación (web oficial)),https://www.gobiernodecanarias.org/educacion/web/servicios/eoep/eoep_zona/eoep-zona-tenerife/
38702511,Longitud,-16.2377941,Coordenadas de la sede 38006289 CEIP MARÍA ISABEL SARMIENTO (Consejería de Educación (web oficial)),https://www.gobiernodecanarias.org/educacion/web/servicios/eoep/eoep_zona/eoep-zona-tenerife/
38702512,Latitud,28.4137762,"CartoCiudad (IGN), geocodificación por núcleo de población, aproximada de la dirección de Consejería de Educación (web oficial)",https://www.cartociudad.es/geocoder/api/geocoder/find?q=EL+RINCON%2C+LA+OROTAVA
38702512,Longitud,-16.5159091,"CartoCiudad (IGN), geocodificación por núcleo de población, aproximada de la dirección de Consejería de Educación (web oficial)",https://www.cartociudad.es/geocoder/api/geocoder/find?q=EL+RINCON%2C+LA+OROTAVA
38702513,Latitud,28.3973133,Coordenadas de la sede 38004013 CEIP JUAN CRUZ RUIZ (Consejería de Educación (web oficial)),https://www.gobiernodecanarias.org/educacion/web/servicios/eoep/eoep_zona/eoep-zona-tenerife/
38702513,Longitud,-16.5572142,Coordenadas de la sede 38004013 CEIP JUAN CRUZ RUIZ (Consejería de Educación (web oficial)),https://www.gobiernodecanarias.org/educacion/web/servicios/eoep/eoep_zona/eoep-zona-tenerife/
38702515,Latitud,28.1120352,Coordenadas de la sede 38007932 CEIP GRANADILLA DE ABONA (Consejería de Educación (web oficial)),https://www.gobiernodecanarias.org/educacion/web/servicios/eoep/eoep_zona/eoep-zona-tenerife/
38702515,Longitud,-16.5871464,Coordenadas de la sede 38007932 CEIP GRANADILLA DE ABONA (Consejería de Educación (web oficial)),https://www.gobiernodecanarias.org/educacion/web/servicios/eoep/eoep_zona/eoep-zona-tenerife/
38702517,Latitud,28.685926,Coordenadas de la sede 38010669 CEIP GABRIEL DUQUE ACOSTA (Consejería de Educación (web oficial)),https://www.gobiernodecanarias.org/educacion/web/servicios/eoep/eoep_zona/eoep-zona-la-palma/
38702517,Longitud,-17.7676235,Coordenadas de la sede 38010669 CEIP GABRIEL DUQUE ACOSTA (Consejería de Educación (web oficial)),https://www.gobiernodecanarias.org/educacion/web/servicios/eoep/eoep_zona/eoep-zona-la-palma/
38702566,Latitud,28.099285,"Coordenadas de 38004931 RE SAN SEBASTIÁN DE LA GOMERA, en la misma dirección (Consejería de Educación (web oficial))",https://www.gobiernodecanarias.org/educacion/web/centros/centros-profesorado/donde-estamos/centro-del-profesorado-de-la-gomera/index.html
38702566,Longitud,-17.1195202,"Coordenadas de 38004931 RE SAN SEBASTIÁN DE LA GOMERA, en la misma dirección (Consejería de Educación (web oficial))",https://www.gobiernodecanarias.org/educacion/web/centros/centros-profesorado/donde-estamos/centro-del-profesorado-de-la-gomera/index.html
38702570,Latitud,28.657645,"Coordenadas de 38011561 EOI LOS LLANOS DE ARIDANE, en la misma dirección (Consejería de Educación (web oficial))",https://www.gobiernodecanarias.org/educacion/web/servicios/eoep/eoep_zona/eoep-zona-la-palma/
38702570,Longitud,-17.9015368,"Coordenadas de 38011561 EOI LOS LLANOS DE ARIDANE, en la misma dirección (Consejería de Educación (web oficial))",https://www.gobiernodecanarias.org/educacion/web/servicios/eoep/eoep_zona/eoep-zona-la-palma/
38702571,Latitud,27.8133536,"Coordenadas de 38011017 EOI VALVERDE, en la misma dirección (Consejería de Educación (web oficial))",https://www.gobiernodecanarias.org/educacion/web/servicios/eoep/eoep_zona/eoep-zona-el-hierro/
38702571,Longitud,-17.9158794,"Coordenadas de 38011017 EOI VALVERDE, en la misma dirección (Consejería de Educación (web oficial))",https://www.gobiernodecanarias.org/educacion/web/servicios/eoep/eoep_zona/eoep-zona-el-hierro/
38702573,Latitud,28.4930474,Coordenadas de la sede 38002481 CEIP SAN BENITO (Consejería de Educación (web oficial)),https://www.gobiernodecanarias.org/educacion/web/servicios/eoep/eoep_zona/eoep-zona-tenerife/
38702573,Longitud,-16.3283169,Coordenadas de la sede 38002481 CEIP SAN BENITO (Consejería de Educación (web oficial)),https://www.gobiernodecanarias.org/educacion/web/servicios/eoep/eoep_zona/eoep-zona-tenerife/
38702574,Latitud,28.4212536,Coordenadas de la sede 38010441 CEIP JULIO CASTILLO TORROBA (Consejería de Educación (web oficial)),https://www.gobiernodecanarias.org/educacion/web/servicios/eoep/eoep_zona/eoep-zona-tenerife/
38702574,Longitud,-16.3324207,Coordenadas de la sede 38010441 CEIP JULIO CASTILLO TORROBA (Consejería de Educación (web oficial)),https://www.gobiernodecanarias.org/educacion/web/servicios/eoep/eoep_zona/eoep-zona-tenerife/
38702575,Latitud,28.4540401,"CartoCiudad (IGN), geocodificación por portal de la dirección de Consejería de Educación (web oficial)",https://www.cartociudad.es/geocoder/api/geocoder/find?q=C%2F+SAN+JOS%C3%89%2C+64%2C+LA+MATANZA+DE+ACENTEJO
38702575,Longitud,-16.4527538,"CartoCiudad (IGN), geocodificación por portal de la dirección de Consejería de Educación (web oficial)",https://www.cartociudad.es/geocoder/api/geocoder/find?q=C%2F+SAN+JOS%C3%89%2C+64%2C+LA+MATANZA+DE+ACENTEJO
38702576,Latitud,28.326602,Coordenadas de la sede 38009311 CEE CHACONA (Consejería de Educación (web oficial)),https://www.gobiernodecanarias.org/educacion/web/servicios/eoep/eoep_zona/eoep-zona-tenerife/
38702576,Longitud,-16.415769,Coordenadas de la sede 38009311 CEE CHACONA (Consejería de Educación (web oficial)),https://www.gobiernodecanarias.org/educacion/web/servicios/eoep/eoep_zona/eoep-zona-tenerife/
38702577,Latitud,28.3799515,Coordenadas de la sede 38004694 CEIP FRANCISCO AFONSO CARRILLO (Consejería de Educación (web oficial)),https://www.gobiernodecanarias.org/educacion/web/servicios/eoep/eoep_zona/eoep-zona-tenerife/
38702577,Longitud,-16.6410126,Coordenadas de la sede 38004694 CEIP FRANCISCO AFONSO CARRILLO (Consejería de Educación (web oficial)),https://www.gobiernodecanarias.org/educacion/web/servicios/eoep/eoep_zona/eoep-zona-tenerife/
38702579,Latitud,28.1788096,Coordenadas de la sede 38001589 CEIP TEOBALDO POWER (Consejería de Educación (web oficial)),https://www.gobiernodecanarias.org/educacion/web/servicios/eoep/eoep_zona/eoep-zona-tenerife/
38702579,Longitud,-16.8007503,Coordenadas de la sede 38001589 CEIP TEOBALDO POWER (Consejería de Educación (web oficial)),https://www.gobiernodecanarias.org/educacion/web/servicios/eoep/eoep_zona/eoep-zona-tenerife/
38702601,Latitud,28.1120352,Coordenadas de la sede 38007932 CEIP GRANADILLA DE ABONA (BOC-A-2026-166-2986),https://www.gobiernodecanarias.org/boc/2026/166/2986.html
38702601,Longitud,-16.5871464,Coordenadas de la sede 38007932 CEIP GRANADILLA DE ABONA (BOC-A-2026-166-2986),https://www.gobiernodecanarias.org/boc/2026/166/2986.html
38702651,Latitud,28.4585631,Coordenadas de la sede 38008948 CEIP LOS VERODES (Consejería de Educación (web oficial)),https://www.gobiernodecanarias.org/educacion/web/servicios/eoep/eoep_especificos/equipo-de-atencion-edducativa-a-personas-con-discapacidad-visual/
38702651,Longitud,-16.2676358,Coordenadas de la sede 38008948 CEIP LOS VERODES (Consejería de Educación (web oficial)),https://www.gobiernodecanarias.org/educacion/web/servicios/eoep/eoep_especificos/equipo-de-atencion-edducativa-a-personas-con-discapacidad-visual/
38702653,Latitud,28.48263,Coordenadas de la sede 38002478 CEIP LA VERDELLADA (Consejería de Educación (web oficial)),https://www.gobiernodecanarias.org/educacion/web/servicios/eoep/eoep_zona/eoep-zona-tenerife/
38702653,Longitud,-16.3111948,Coordenadas de la sede 38002478 CEIP LA VERDELLADA (Consejería de Educación (web oficial)),https://www.gobiernodecanarias.org/educacion/web/servicios/eoep/eoep_zona/eoep-zona-tenerife/
38702654,Latitud,28.4585631,Coordenadas de la sede 38008948 CEIP LOS VERODES (Consejería de Educación (web oficial)),https://www.gobiernodecanarias.org/educacion/web/servicios/eoep/eoep_zona/eoep-zona-tenerife/
38702654,Longitud,-16.2676358,Coordenadas de la sede 38008948 CEIP LOS VERODES (Consejería de Educación (web oficial)),https://www.gobiernodecanarias.org/educacion/web/servicios/eoep/eoep_zona/eoep-zona-tenerife/
38702655,Latitud,28.099285,"Coordenadas de 38004931 RE SAN SEBASTIÁN DE LA GOMERA, en la misma dirección (Consejería de Educación (web oficial))",https://www.gobiernodecanarias.org/educacion/web/servicios/eoep/eoep_zona/eoep-zona-la-gomera/
38702655,Longitud,-17.1195202,"Coordenadas de 38004931 RE SAN SEBASTIÁN DE LA GOMERA, en la misma dirección (Consejería de Educación (web oficial))",https://www.gobiernodecanarias.org/educacion/web/servicios/eoep/eoep_zona/eoep-zona-la-gomera/
38702656,Latitud,28.0553305,Coordenadas de la sede 38000421 CEIP PÉREZ VALERO (Consejería de Educación (web oficial)),https://www.gobiernodecanarias.org/educacion/web/servicios/eoep/eoep_zona/eoep-zona-tenerife/
38702656,Longitud,-16.7148965,Coordenadas de la sede 38000421 CEIP PÉREZ VALERO (Consejería de Educación (web oficial)),https://www.gobiernodecanarias.org/educacion/web/servicios/eoep/eoep_zona/eoep-zona-tenerife/
38702901,Latitud,28.2082905,"CartoCiudad (IGN), geocodificación por portal de la dirección de BOC-A-2026-166-2986",https://www.cartociudad.es/geocoder/api/geocoder/find?q=CALLE+GUARPIA+1%2C+GUIA+DE+ISORA
38702901,Longitud,-16.7758242,"CartoCiudad (IGN), geocodificación por portal de la dirección de BOC-A-2026-166-2986",https://www.cartociudad.es/geocoder/api/geocoder/find?q=CALLE+GUARPIA+1%2C+GUIA+DE+ISORA
38703303,Latitud,28.3645742,"CartoCiudad (IGN), geocodificación por portal de la dirección de BOC-A-2026-166-2986",https://www.cartociudad.es/geocoder/api/geocoder/find?q=C%2F+CTRA.+DEL+AMPARO%2C+30%2C+ICOD+DE+LOS+VINOS
38703303,Longitud,-16.7190706,"CartoCiudad (IGN), geocodificación por portal de la dirección de BOC-A-2026-166-2986",https://www.cartociudad.es/geocoder/api/geocoder/find?q=C%2F+CTRA.+DEL+AMPARO%2C+30%2C+ICOD+DE+LOS+VINOS
38703602,Latitud,28.657645,"Coordenadas de 38011561 EOI LOS LLANOS DE ARIDANE, en la misma dirección (BOC-A-2026-166-2986)",https://www.gobiernodecanarias.org/boc/2026/166/2986.html
38703602,Longitud,-17.9015368,"Coordenadas de 38011561 EOI LOS LLANOS DE ARIDANE, en la misma dirección (BOC-A-2026-166-2986)",https://www.gobiernodecanarias.org/boc/2026/166/2986.html
38703703,Latitud,28.4287567,Coordenadas de la sede 38007658 CEIP BAJOS Y TAGORO (BOC-A-2026-166-2986),https://www.gobiernodecanarias.org/boc/2026/166/2986.html
38703703,Longitud,-16.476775,Coordenadas de la sede 38007658 CEIP BAJOS Y TAGORO (BOC-A-2026-166-2986),https://www.gobiernodecanarias.org/boc/2026/166/2986.html
38705701,Latitud,28.11662,Coordenadas de la sede 38007452 CEIP EL RETAMAL (BOC-A-2026-166-2986),https://www.gobiernodecanarias.org/boc/2026/166/2986.html
38705701,Longitud,-17.3111701,Coordenadas de la sede 38007452 CEIP EL RETAMAL (BOC-A-2026-166-2986),https://www.gobiernodecanarias.org/boc/2026/166/2986.html
38705904,Latitud,28.6893067,Coordenadas de la sede 38009588 CEIP BENAHOARE (BOC-A-2026-166-2986),https://www.gobiernodecanarias.org/boc/2026/166/2986.html
38705904,Longitud,-17.7702468,Coordenadas de la sede 38009588 CEIP BENAHOARE (BOC-A-2026-166-2986),https://www.gobiernodecanarias.org/boc/2026/166/2986.html
38706028,Latitud,28.5432953,Coordenadas de la sede 38006368 CEIP SOR FLORENTINA Y AGUSTÍN CABRERA DÍAZ (BOC-A-2026-166-2986),https://www.gobiernodecanarias.org/boc/2026/166/2986.html
38706028,Longitud,-16.2467543,Coordenadas de la sede 38006368 CEIP SOR FLORENTINA Y AGUSTÍN CABRERA DÍAZ (BOC-A-2026-166-2986),https://www.gobiernodecanarias.org/boc/2026/166/2986.html
38706050,Latitud,28.4686,"Coordenadas de 38016672 CIFP LAS INDIAS, en la misma dirección (Consejería de Educación (web oficial))",https://www.gobiernodecanarias.org/educacion/web/centros/centros-profesorado/donde-estamos/centros-del-profesorado-de-tenerife/index.html
38706050,Longitud,-16.275,"Coordenadas de 38016672 CIFP LAS INDIAS, en la misma dirección (Consejería de Educación (web oficial))",https://www.gobiernodecanarias.org/educacion/web/centros/centros-profesorado/donde-estamos/centros-del-profesorado-de-tenerife/index.html
38706055,Latitud,28.4586687,Coordenadas de la sede 38008122 CEIP CHIMISAY (Consejería de Educación (web oficial)),https://www.gobiernodecanarias.org/educacion/web/servicios/eoep/eoep_especificos/discapacidad-auditiva/
38706055,Longitud,-16.282821,Coordenadas de la sede 38008122 CEIP CHIMISAY (Consejería de Educación (web oficial)),https://www.gobiernodecanarias.org/educacion/web/servicios/eoep/eoep_especificos/discapacidad-auditiva/
38706056,Latitud,28.4494238,Coordenadas de la sede 38006231 CEE HERMANO PEDRO (Consejería de Educación (web oficial)),https://www.gobiernodecanarias.org/educacion/web/servicios/eoep/eoep_especificos/discapacidad-motora/
38706056,Longitud,-16.281954,Coordenadas de la sede 38006231 CEE HERMANO PEDRO (Consejería de Educación (web oficial)),https://www.gobiernodecanarias.org/educacion/web/servicios/eoep/eoep_especificos/discapacidad-motora/
38706057,Latitud,28.4494238,Coordenadas de la sede 38006231 CEE HERMANO PEDRO (Consejería de Educación (web oficial)),https://www.gobiernodecanarias.org/educacion/web/servicios/eoep/eoep_especificos/trastornos-generalizados-del-desarrollo/
38706057,Longitud,-16.281954,Coordenadas de la sede 38006231 CEE HERMANO PEDRO (Consejería de Educación (web oficial)),https://www.gobiernodecanarias.org/educacion/web/servicios/eoep/eoep_especificos/trastornos-generalizados-del-desarrollo/
38706701,Latitud,28.3662435,Coordenadas de la sede 38008808 CEIP GENOVÉS (BOC-A-2026-166-2986),https://www.gobiernodecanarias.org/boc/2026/166/2986.html
38706701,Longitud,-16.7441434,Coordenadas de la sede 38008808 CEIP GENOVÉS (BOC-A-2026-166-2986),https://www.gobiernodecanarias.org/boc/2026/166/2986.html
38707901,Latitud,27.8212371,Coordenadas de la sede 38008006 CEIP EL MOCANAL JUANA MARÍA HERNÁNDEZ ARMAS (BOC-A-2026-166-2986),https://www.gobiernodecanarias.org/boc/2026/166/2986.html
38707901,Longitud,-17.9485635,Coordenadas de la sede 38008006 CEIP EL MOCANAL JUANA MARÍA HERNÁNDEZ ARMAS (BOC-A-2026-166-2986),https://www.gobiernodecanarias.org/boc/2026/166/2986.html
38900158,FuenteZonaInspeccion,Directorio operativo de centros educativos,Directorio operativo de centros educativos,https://www.gobiernodecanarias.org/educacion/centroseducativos/buscador-centros-openlayers/resultados/detalle?codigo=38900158
38900158,ZonaInspeccionCodigo,715,Directorio operativo de centros educativos,https://www.gobiernodecanarias.org/educacion/centroseducativos/buscador-centros-openlayers/resultados/detalle?codigo=38900158
38900158,ZonaInspeccionNombre,TF0 - Provincia Santa Cruz de Tenerife,Directorio operativo de centros educativos,https://www.gobiernodecanarias.org/educacion/centroseducativos/buscador-centros-openlayers/resultados/detalle?codigo=38900158
